CITY;STATE;populacao;unidades_domesticas_percapita;idosos_percapita;GDP_CAPITA;TV_assinatura/por_residencia;empresa/percapita;carros_percapita;motos/percapita;IDH
Abadia Dos Dourados;MG;6704;0,34725537;0,087857995;255920000;0,033075601;0,067642461;0,316470087;0,162285065;6890
Abaeté;MG;22690;0,339092111;0,118157779;182500000;0,15986483;0,026342581;0,293883092;0,125265123;6980
Abre Campo;MG;13311;0,295244535;0,074599955;136900000;0,159033079;0,026883287;0,206760892;0,134853563;6540
Acaiaca;MG;3920;0,32244898;0,085459184;89690000;0,181170886;0,014774686;0,221374046;0,147254371;6300
Aguanil;MG;4054;0,33374445;0,083127775;147020000;0,111603843;0,020653654;0,241715842;0,067181117;6630
Aimorés;MG;24959;0,330221563;0,120517649;159590000;0,109924776;0,019063922;0,146636579;0,188227055;6840
Aiuruoca;MG;6162;0,329113924;0,080168776;158460000;0,23964497;0,017994859;0,254659383;0,1468509;6680
Alagoa;MG;2709;0,322997416;0,060169804;114060000;0,185142857;0,012699565;0,173802612;0,120464441;6490
Albertina;MG;2913;0,308616547;0,1033299;257960000;0,131256952;0,023684211;0,311513158;0,124671053;6730
Alfenas;MG;73774;0,314989021;0,114471223;289650000;0,237498924;0,031001489;0,343465199;0,127969503;7610
Alfredo Vasconcelos;MG;6075;0,293168724;0,068148148;138960000;0,185289163;0,019376956;0,218810553;0,133402892;6750
Almenara;MG;38775;0,298413926;0,099832366;114200000;0,076138622;0,018482865;0,118814979;0,161315941;6420
Alpercata;MG;7172;0,308839933;0,096625767;102190000;0,036568849;0,012538349;0,109777244;0,096838735;6460
Alpinópolis;MG;18488;0,304251406;0,094169191;175990000;0,096355556;0,025074718;0,366952029;0,116812725;7250
Alterosa;MG;13717;0,332434206;0,104541809;146790000;0,129166667;0,020008279;0,302745964;0,185663033;6680
Alto Caparaó;MG;5297;0,325656032;0,085897678;151850000;0,162318841;0,020180932;0,266527488;0,195546277;6610
Alto Jequitibá;MG;8318;0,328925222;0,096056744;121890000;0,143640351;0,019824047;0,290791789;0,200469208;6600
Alto Rio Doce;MG;12159;0,296734929;0,065794884;113580000;0,059866962;0,015179783;0,166383989;0,197337178;6200
Alvarenga;MG;4444;0,316156616;0,077182718;88540000;0,034875445;0,008480565;0,163015312;0,251118963;5920
Alvinópolis;MG;15261;0,304501671;0,107725575;172180000;0,218420486;0,01966814;0,177782049;0,137228522;6760
Alvorada De Minas;MG;3546;0,272419628;0,040891145;128710000;0,075569358;0,014717907;0,147724176;0,124284546;5720
Além Paraíba;MG;34349;0,325773676;0,136015605;229190000;0,255138517;0,082078503;0,396032965;0,154434977;7260
Amparo Do Serra;MG;5053;0,290322581;0,080348308;94620000;0,093387866;0,009298565;0;0;6410
Andradas;MG;37270;0,328199624;0,106251677;211570000;0,121157619;0,033385305;0,372707699;0,162991561;7340
Andrelândia;MG;12173;0,326295901;0,124784359;156180000;0,136958711;0,021907732;0,248900616;0,071080195;7000
Angelândia;MG;8003;0,264150943;0,043483694;93950000;0,059602649;0,008350976;0,106563162;0,148670901;5970
Antônio Carlos;MG;11114;0,312218823;0,095465179;121640000;0,174351585;0,012344613;0,226519337;0,103418508;6830
Antônio Dias;MG;9565;0,300888657;0,051542081;149820000;1,020847811;0,011801242;0,158592133;0,10310559;6450
Antônio Prado De Minas;MG;1671;0,332734889;0,12866547;127610000;0,066546763;0,026347305;0,238323353;0,21497006;6840
Aracitaba;MG;2058;0,340621963;0,144800777;104910000;0,068473609;0,017992424;0,174715909;0,099905303;6610
Araguari;MG;109801;0,323630932;0,120554458;335740000;0,166765161;0,026593424;0,339220166;0,222638636;7730
Arantina;MG;2823;0,330145236;0,13779667;185670000;0,100858369;0,020159889;0,257907543;0,114007647;6970
Araponga;MG;8152;0,29109421;0,039867517;97420000;0,066160978;0,011380969;0,13093981;0,216238414;5360
Araporã;MG;6144;0,292317708;0,090169271;1610580000;0,115256125;0,027542057;0,167485485;0,120440673;7080
Arapuá;MG;2775;0,355315315;0,122162162;406200000;0,027383367;0,014588399;0,248002779;0,158040986;7240
Araxá;MG;93672;0,313145871;0,110491929;460980000;0,215491085;0,029461597;0,383446126;0,140666299;7720
Araçaí;MG;2243;0,320552831;0,108337049;191850000;0,367176634;0,017789072;0,157136806;0,055061415;6950
Araçuaí;MG;36013;0,276622331;0,07369561;97960000;0,091246738;0,015783691;0,091298872;0,201034381;6630
Araújos;MG;7883;0,31193708;0,090574654;299480000;0,069540464;0,028700056;0,260551491;0,132695554;6980
Arceburgo;MG;9509;0,302239983;0,115574719;250640000;0,193458594;0,022427944;0,285550678;0,108608513;6830
Arcos;MG;36597;0,316419379;0,103915621;277570000;0,119516408;0,042011281;0,363077623;0,183979563;7490
Areado;MG;13731;0,327725584;0,11798121;146180000;0,053111111;0,034947142;0,330684802;0,081475995;7270
Argirita;MG;2901;0,32333678;0,144777663;106420000;0,106609808;0,022964509;0,177453027;0,064022269;6430
Aricanduva;MG;4770;0,272955975;0,036687631;73660000;0,0453149;0,013770365;0,076221877;0,146431342;5820
Arinos;MG;17674;0,295745162;0,065237071;112000000;0,109431796;0,012011847;0,141893374;0,109477841;6560
Astolfo Dutra;MG;13049;0,314430225;0,125910031;197770000;0,161832805;0,035495367;0,227156094;0,146828225;6940
Ataléia;MG;14455;0,304600484;0,074576271;106020000;0,034749035;0,009786285;0,083255379;0,103187738;5880
Augusto De Lima;MG;4960;0,302016129;0,067741935;136050000;0,074098798;0,013314785;0,130564388;0,074324324;6560
Açucena;MG;10276;0,297878552;0,073180226;94040000;0,034302516;0,007550169;0,120405325;0,166103715;6100
Baependi;MG;18307;0,306494783;0,103239198;140490000;0,13330957;0,028828174;0,257583628;0,168553916;6810
Baldim;MG;7913;0,322001769;0,095918109;126840000;0,489795918;0,01699541;0,212380598;0,096638134;6710
Bambuí;MG;22734;0,352247735;0,130465382;242680000;0,139485514;0,020345922;0,340741979;0,100601604;7410
Bandeira;MG;4987;0,30479246;0,063966312;90350000;0,015789474;0,01159768;0,048990202;0,096380724;5990
Bandeira Do Sul;MG;5338;0,319408018;0,110340952;115280000;0,157184751;0,023826209;0,320777856;0,079887877;6920
Barbacena;MG;126284;0,313333439;0,114004941;188850000;0,227880411;0,020282856;0,304073504;0,102040065;7690
Barra Longa;MG;6143;0,31629497;0,069021651;120620000;0,235203294;0,011208406;0,150963222;0,151313485;6240
Barroso;MG;19599;0,309760702;0,112607786;151000000;0,075770054;0,025541126;0,275036075;0,124963925;7340
Barão De Cocais;MG;28442;0,299346038;0,080690528;200340000;0,320178529;0,019982294;0,271057291;0,122865815;7220
Barão De Monte Alto;MG;5720;0,309965035;0,13513986;80390000;0,099266779;0,012508809;0,125440451;0,12931642;6490
Bela Vista De Minas;MG;10004;0,288884446;0,114554178;148270000;0,312110727;0,016251563;0,282815655;0,058659486;6740
Belmiro Braga;MG;3403;0,320011754;0,082868058;149170000;0,261707989;0,020274129;0,189320388;0,059680183;6600
Belo Horizonte;MG;2375151;0,321210736;0,121925301;351220000;0,621839135;0,041324458;0,572541498;0,098850545;8100
Belo Oriente;MG;23397;0,290421849;0,076633756;536600000;0,055923473;0,012705155;0,189418807;0,094381155;6860
Belo Vale;MG;7536;0,32829087;0,064490446;167760000;0,331447049;0,022225061;0,272193128;0,145229276;6550
Berilo;MG;12300;0,268699187;0,032926829;70360000;0,032980333;0,011053736;0,071405519;0,172744877;6280
Berizal;MG;4370;0,286270023;0,062700229;95470000;0,071143086;0,013003624;0,091451716;0,160520145;6040
Bertópolis;MG;4498;0,265451312;0,088039129;80150000;0,067001675;0,008135303;0,051594948;0,067223293;5940
Betim;MG;378089;0,298043582;0,069002272;595340000;0,254599022;0,016561936;0,275129394;0,0759363;7490
Bias Fortes;MG;3793;0,318745057;0,079883997;88460000;0,129032258;0,006304825;0,156798246;0,094024123;6200
Bicas;MG;13653;0,336922288;0,160770527;160090000;0,277608696;0,037359298;0,332090325;0,087424902;7440
Biquinhas;MG;2630;0,371863118;0,1121673;148530000;0,114519427;0,028136882;0,295057034;0,126996198;6880
Boa Esperança;MG;38516;0,300991796;0,108058988;216830000;0,068662124;0,030065327;0,318049094;0,114817381;7040
Bocaina De Minas;MG;5007;0,35729978;0,076892351;97990000;0,088876467;0,028185328;0,277992278;0,199034749;6450
Bocaiúva;MG;46654;0,288442577;0,071612295;146060000;0,117485324;0,026557896;0,181836403;0,15301357;7000
Bom Despacho;MG;45624;0,319020691;0,108583202;231010000;0,18797664;0,031117825;0,335407855;0,125135952;7500
Bom Jardim De Minas;MG;6501;0,34240886;0,1347485;178750000;0,133872417;0,029482551;0,326865223;0,128910951;6730
Bom Jesus Da Penha;MG;3887;0,341908927;0,094674556;296920000;0,129420617;0,026574096;0,310031123;0,257601149;7350
Bom Jesus Do Amparo;MG;5491;0,288836278;0,064469131;121080000;0,342370744;0,023945077;0,23945077;0,086905559;6830
Bom Jesus Do Galho;MG;15364;0,314175996;0,099778703;88520000;0,031903874;0,010774194;0,12116129;0,152645161;6230
Bom Repouso;MG;10457;0,311561633;0,056995314;127450000;0,111418048;0,015504596;0,29421595;0,182155789;6530
Bom Sucesso;MG;17243;0,313576524;0,125906165;175430000;0,035139634;0,024045183;0,25348096;0,074651904;6920
Bonfim;MG;6818;0,358902904;0,084628923;125530000;0,281160605;0,020376176;0,240096894;0,236249644;6370
Bonfinópolis De Minas;MG;5865;0,317647059;0,085421995;360260000;0,09178744;0,023115405;0,195618423;0,124029671;6780
Bonito De Minas;MG;9673;0,235914401;0,022226817;68770000;0,058282209;0,008057794;0,026488839;0,065481152;5370
Borda Da Mata;MG;17118;0,321591307;0,113155742;160640000;0,144777475;0,027022731;0,299634398;0,113760398;7300
Botelhos;MG;14920;0,33116622;0,115214477;157130000;0,169803683;0,022188866;0,351889317;0,10513607;7020
Botumirim;MG;6497;0,268277667;0,046636909;69980000;0,060814687;0,01235321;0,049260332;0,086929998;6020
Brasilândia De Minas;MG;14226;0,286095881;0,063405033;125560000;0,036117936;0,016707493;0,18089316;0,134099617;6740
Brasília De Minas;MG;31213;0,272867075;0,073879473;92950000;0,083127862;0,016171516;0,135467075;0,158499234;6560
Brazópolis;MG;14661;0,319418866;0,08614692;116410000;0,135810378;0,015626048;0,26866072;0,1191067;6920
Braúnas;MG;5030;0,284095427;0,047117296;227060000;0,056682995;0,008757962;0,10808121;0,130573248;6240
Brumadinho;MG;33973;0,310893945;0,09174933;401000000;0,562488165;0,019727413;0,276261955;0,107627759;7470
Brás Pires;MG;4637;0,315721372;0,078067716;79350000;0,078551913;0,016604763;0,186803583;0,197290802;6250
Bueno Brandão;MG;10892;0,333088505;0,079048843;129620000;0,10584344;0,016387602;0,360171001;0,16752761;6580
Buenópolis;MG;10292;0,297415468;0,092013214;106460000;0,189807253;0,014539275;0,157477341;0,107911631;6690
Bugre;MG;3992;0,310871743;0,055360721;80180000;0,034649476;0,007971014;0,13647343;0,107729469;6270
Buritis;MG;22737;0,303821964;0,061573646;272680000;0,095541401;0,014720274;0,153726961;0,106752569;6720
Buritizeiro;MG;26922;0,277579675;0,072877201;152930000;0,124046568;0,016070228;0,109589041;0,136313759;6240
Cabeceira Grande;MG;6453;0,330853866;0,078413141;269720000;0,049180328;0,007969859;0,071294015;0,041008549;6480
Cabo Verde;MG;13823;0,303696737;0,074079433;159950000;0,130061934;0,017325695;0,251502026;0,065809697;6740
Cachoeira Da Prata;MG;3654;0,305418719;0,158456486;100710000;0,464157706;0,023681378;0,241119483;0,074273412;7410
Cachoeira De Minas;MG;11034;0,311401124;0,085191227;285010000;0,167054715;0,021624882;0,227276643;0,100370466;7060
Cachoeira De Pajeú;MG;8959;0,285634557;0,063288313;93220000;0,064087534;0,007623081;0,090524087;0,068713605;5780
Cachoeira Dourada;MG;2505;0,311377246;0,110978044;247840000;0,055128205;0,011958146;0,179372197;0,113602392;7260
Caetanópolis;MG;10218;0,312292034;0,102172637;194260000;0,378251332;0,018339683;0,220164791;0,117923275;7060
Caeté;MG;40750;0,29003681;0,107730061;137870000;0,277180811;0,017995734;0,26435347;0,10536468;7280
Caiana;MG;4968;0,317230274;0,076086957;109670000;0,06535533;0,017784365;0,158947758;0,155798444;6330
Cajuri;MG;4047;0,296268841;0,084012849;155460000;0,160967473;0,011910549;0,157024793;0,192756441;6170
Caldas;MG;13633;0,347172303;0,1002714;156600000;0,181914219;0,021225111;0,3046875;0,07860896;6870
Camacho;MG;3154;0,31357007;0,068167406;153880000;0,053589484;0,01036941;0,220674012;0,185029164;6900
Camanducaia;MG;21080;0,328178368;0,078937381;239870000;0,346921075;0,038033353;0,30708411;0,174399055;6890
Cambuquira;MG;12602;0,31883828;0,127598794;225120000;0,150572424;0,020322086;0,281441718;0,103067485;6990
Cambuí;MG;26488;0,340909091;0,115788281;345940000;0,138538206;0,0290762;0,34977873;0,156479049;7510
Campanha;MG;15433;0,306874879;0,111514288;195240000;0,211359797;0,027280426;0,279881442;0,133680135;7090
Campanário;MG;3564;0,291526375;0,100448934;106450000;0,092396535;0,014686248;0,115353805;0,09105474;6160
Campestre;MG;20686;0,322923717;0,079570724;158800000;0,18008982;0,022972405;0,339309894;0,19591913;6980
Campina Verde;MG;19324;0,347236597;0,121041192;271030000;0,080178838;0,017853581;0,234440455;0,115150608;7040
Campo Azul;MG;3684;0,278501629;0,054831705;87440000;0,052631579;0,008045679;0,060212821;0,091097846;6210
Campo Belo;MG;51544;0,333171659;0,134234828;172460000;0,118325278;0,030162883;0,326079746;0,137197818;7110
Campo Do Meio;MG;11476;0,313436738;0,106570234;129770000;0,144842925;0,016937726;0,224656611;0,110053088;6830
Campo Florido;MG;6870;0,318195051;0,066521106;516070000;0,162397072;0,019658229;0,244121804;0,077733522;7060
Campos Altos;MG;14206;0,304730396;0,092988878;227860000;0,114345114;0,024004186;0,283144745;0,055726339;7020
Campos Gerais;MG;27600;0,310326087;0,083043478;167030000;0,144775248;0,019330342;0,228788402;0,09302727;6820
Cana Verde;MG;5589;0,326176418;0,107711576;118420000;0,089413055;0,012203626;0,235355649;0,142433752;6500
Canaã;MG;4628;0,314174589;0,061581677;121030000;0,154057772;0,01721207;0,172758181;0,302379941;6490
Candeias;MG;14595;0,34251456;0,103665639;202540000;0,065013003;0,026507139;0,252445796;0,164925965;6780
Cantagalo;MG;4195;0,283671037;0,068653159;104940000;0,107563025;0,014696059;0,129369851;0,151636607;6310
Canápolis;MG;11365;0,325384954;0,100131984;272760000;0,070578691;0,015586138;0,191676339;0,094428785;7220
Caparaó;MG;5209;0,305432905;0,040698791;169150000;0,160905091;0,021929825;0,192799708;0,203399123;6240
Capela Nova;MG;4755;0,304731861;0,074237645;97050000;0,101449275;0,011214953;0,208099688;0,198753894;6480
Capelinha;MG;34803;0,282906646;0,054305663;144540000;0,063985375;0,023639845;0,214167952;0,2306015;6530
Capetinga;MG;7089;0,317252081;0,13133023;172980000;0,128056914;0,034319196;0,26688058;0,049107143;6750
Capim Branco;MG;8881;0,298277221;0,106294336;82860000;0,322385806;0,020917889;0,232802581;0,096680196;6950
Capinópolis;MG;15290;0,326095487;0,123675605;211330000;0,081026875;0,021256874;0,218500896;0,138231477;7230
Capitão Andrade;MG;4925;0,320609137;0,098883249;83010000;0,050031666;0,011749347;0,119731443;0,179783663;6240
Capitão Enéas;MG;14206;0,258904688;0,06757708;164080000;0,095976074;0,010094346;0,084383453;0,103450551;6390
Capitólio;MG;8183;0,334840523;0,082854699;233170000;0,248540146;0,037580944;0,380203515;0,183626272;7100
Caputira;MG;9030;0,293355482;0,059025471;89740000;0,121177803;0,011262218;0,235231619;0,213769656;6150
Caranaíba;MG;3288;0,276459854;0,048965937;97880000;0,094609461;0,007252947;0,174372922;0,095497129;6340
Carandaí;MG;23346;0,293754819;0,090165339;223220000;0,135170604;0,019433648;0,308995003;0,104703736;6970
Carangola;MG;32296;0,338927421;0,124752291;151140000;0,140325233;0,028168174;0,221317101;0,144302211;6950
Caratinga;MG;85239;0,313002264;0,096868804;167060000;0,365554723;0,028245495;0,224825382;0,156576383;7060
Caraí;MG;22343;0,262766862;0,049053395;63340000;0,041219554;0,005659023;0,040204401;0,083871785;5580
Carbonita;MG;9148;0,326191517;0,076519458;100070000;0,220174263;0,017530968;0,186122192;0,211106446;6380
Careaçu;MG;6298;0,310574786;0,090504922;207040000;0,201431493;0,02276447;0,218419878;0,059812528;6830
Carlos Chagas;MG;20069;0,311076785;0,102247247;179490000;0,076085215;0,013949741;0,10102231;0,136677242;6480
Carmo Da Cachoeira;MG;11836;0,283541737;0,089303819;193380000;0,224970203;0,01427876;0,213045595;0,054032127;6550
Carmo Da Mata;MG;10927;0,322778439;0,105976023;142080000;0,138644741;0,021878798;0,23901719;0,13674249;6890
Carmo De Minas;MG;13750;0,284218182;0,082036364;132690000;0,143039918;0,016761672;0,164698697;0,069218241;6820
Carmo Do Cajuru;MG;20012;0,315210873;0,094643214;174870000;0,124128091;0,022423773;0,263433754;0,196982818;7100
Carmo Do Paranaíba;MG;29735;0,330048764;0,10798722;226620000;0,058691665;0,023845829;0,347889563;0,167699445;7050
Carmo Do Rio Claro;MG;20426;0,321306178;0,096935279;207580000;0,114886485;0,031028037;0,314672897;0,101448598;7330
Carmésia;MG;2446;0,282093213;0,072771872;98250000;0,053623188;0,01376673;0,182409178;0,159464627;6500
Carmópolis De Minas;MG;17048;0,291999061;0,075492726;202400000;0,113499397;0,026366149;0,262704657;0,157984265;7000
Carneirinho;MG;9471;0,343363953;0,102417907;304710000;0,050738007;0,026121635;0,256331007;0,133599202;7410
Carrancas;MG;3948;0,308763931;0,095744681;180260000;0,256767842;0,019254204;0,216427005;0,065561784;7250
Carvalhos;MG;4556;0,333187006;0,091308165;108650000;0,11198946;0,01772973;0,216648649;0,143351351;6460
Carvalhópolis;MG;3341;0,325651003;0,119425322;156070000;0,107536765;0,02133034;0,275329778;0,158574235;7240
Casa Grande;MG;2244;0,274064171;0,07486631;157560000;0,167479675;0,016024253;0,196188826;0,171935903;6520
Cascalho Rico;MG;2857;0,365768288;0,100455023;195570000;0,024880383;0,02193126;0,193126023;0,071358429;7210
Cataguases;MG;69757;0,32988804;0,137649268;199080000;0,18646793;0,027382755;0,230776448;0,184736426;7510
Catas Altas;MG;4846;0,294469666;0,08316137;487470000;0,352487737;0,020288206;0,302806219;0,065604854;6840
Catas Altas Da Noruega;MG;3462;0,262853842;0,056325823;73380000;0,257142857;0,009309967;0,146221249;0,16237678;6000
Catuji;MG;6708;0,267740012;0,027131783;83770000;0,093541203;0,00932892;0,099759254;0,097652723;5400
Catuti;MG;5102;0,291650333;0,0625245;77560000;0,030913978;0,008328491;0,100910323;0,177997288;6210
Caxambu;MG;21705;0,323427782;0,149366505;139570000;0,214814815;0,031639588;0,311940231;0,109635897;7430
Cedro Do Abaeté;MG;1210;0,367768595;0,148760331;179580000;0,168539326;0,015663644;0,206924979;0,08573784;6780
Central De Minas;MG;6772;0,344063792;0,127288836;116100000;0,069098712;0,02213762;0,157924422;0,217287084;6650
Centralina;MG;10266;0,315897136;0,134424313;179910000;0,065063213;0,013285593;0,125694902;0,076133044;6780
Chalé;MG;5645;0,314968999;0,076705049;130040000;0,071991001;0,013745704;0,184707904;0,303436426;6550
Chapada Do Norte;MG;15189;0,243926526;0,037000461;57890000;0,028879892;0,009064215;0,034278054;0,08310992;5980
Chapada Gaúcha;MG;10805;0,236834799;0,033040259;138270000;0,109026964;0,014051338;0,074966638;0,104717796;6350
Chiador;MG;2785;0,317773788;0,120287253;100710000;0,164971751;0,013223731;0,372051465;0,095425304;7110
Chácara;MG;2792;0,345630372;0,113896848;122140000;0,235233161;0,016927083;0,174153646;0,104492188;6640
Cipotânea;MG;6547;0,278142661;0,07133038;68000000;0,048325096;0,010510949;0,120437956;0,268467153;5790
Claraval;MG;4542;0,31549978;0,052179657;284820000;0,064898814;0,019278607;0,234245439;0,090588723;6980
Claro Dos Poções;MG;7775;0,311254019;0,083987138;80120000;0,081404959;0,014285714;0,108163265;0,117091837;6700
Cláudio;MG;25771;0,295176749;0,075278414;205420000;0,154857368;0,026048534;0,319032178;0,159854613;7090
Coimbra;MG;7054;0,332010207;0,114119648;135290000;0,108881298;0,018484043;0,215425532;0,209973404;6690
Coluna;MG;9024;0,276595745;0,054632092;92640000;0,045272436;0,013097577;0,122789784;0,212617332;5830
Comendador Gomes;MG;2972;0,337146703;0,053499327;322550000;0,155688623;0,015669971;0,159897665;0,098816757;6970
Comercinho;MG;8298;0,289105809;0,060014461;73000000;0,040016674;0,007778066;0,058854032;0,130412237;5930
Conceição Da Aparecida;MG;9820;0,323217923;0,093075356;188310000;0,157844991;0,020504884;0,306509334;0,151078441;6910
Conceição Da Barra De Minas;MG;3954;0,302225594;0,094587759;114900000;0,114644351;0,013820336;0,200641658;0,155972359;6850
Conceição Das Alagoas;MG;23043;0,303085536;0,075554398;293980000;0,109536082;0,020849099;0,252497351;0,108861813;7120
Conceição Das Pedras;MG;2749;0,31102219;0,076755184;168840000;0,061988304;0,018220042;0,275052558;0,15697267;6680
Conceição De Ipanema;MG;4456;0,327199282;0,060143627;89150000;0,056927298;0,009059534;0,139559965;0,236194996;6760
Conceição Do Mato Dentro;MG;17908;0,284342193;0,084431539;437140000;0,501571092;0,021420705;0,173678414;0,127367841;6340
Conceição Do Pará;MG;5158;0,320666925;0,050988755;433140000;0,110640871;0,022594752;0,244351312;0,161625364;7000
Conceição Do Rio Verde;MG;12949;0,30465673;0,119545911;153180000;0,150570342;0,017773552;0,2125512;0,068095377;6650
Conceição Dos Ouros;MG;10388;0,306988833;0,080573739;123510000;0,134211352;0,032110495;0,25749978;0,084718923;7030
Confins;MG;5936;0,285714286;0,091644205;1538600000;0,410377358;0,030710466;0,383193277;0,12987013;7470
Congonhal;MG;10468;0,322888804;0,090084066;164690000;0,179585799;0,021660338;0,289264757;0,146358302;7120
Congonhas;MG;48519;0,290113152;0,093406707;507220000;0,411054277;0,024330809;0,323985904;0,085757667;7530
Congonhas Do Norte;MG;4943;0,292737204;0,076471778;75300000;0,09122322;0,00975039;0,105694228;0,103939158;5680
Conquista;MG;6526;0,319491266;0,11415875;653760000;0,082014388;0,023527714;0,296189376;0,051674365;7290
Conselheiro Lafaiete;MG;116512;0,3021663;0,108615422;157360000;0,372351304;0,024806202;0,34829932;0,13819016;7610
Conselheiro Pena;MG;22242;0,332299254;0,115232443;115620000;0,100933568;0,014142808;0,148499483;0,160055191;6620
Consolação;MG;1727;0,325998842;0,097278518;146360000;0,081705151;0,012174875;0,16768124;0,080243498;6730
Contagem;MG;603442;0,306635932;0,091294607;405130000;0,312278085;0,024195473;0,312231569;0,083409299;7560
Coqueiral;MG;9289;0,308214017;0,103563355;185650000;0,17603912;0,019055685;0,265403345;0,11454584;6940
Coração De Jesus;MG;26033;0,295163831;0,058617908;77760000;0,073789693;0,013659584;0,093358999;0,114014955;6420
Cordisburgo;MG;8667;0,310257298;0,095188647;111170000;0,195983637;0,017084535;0,174284446;0,087641447;6560
Cordislândia;MG;3435;0,31062591;0,112372635;198040000;0,13027179;0,014804469;0,211173184;0,067039106;6600
Corinto;MG;23914;0,304800535;0,117922556;124260000;0,112909864;0,021837997;0,212193223;0,145572991;6800
Coroaci;MG;10270;0,291626095;0,075073028;85650000;0,074123539;0,020742885;0,091558128;0,141148095;6260
Coromandel;MG;27547;0,348531601;0,099829383;330170000;0,062285179;0,028086929;0,343222273;0,096654145;7080
Coronel Fabriciano;MG;103694;0,305157483;0,104046521;146240000;0,077205069;0,022228898;0,254175883;0,121831108;7550
Coronel Murta;MG;9117;0,278271361;0,092245256;86590000;0,093023256;0,010419989;0,073152578;0,148644338;6270
Coronel Pacheco;MG;2983;0,310760979;0,115990613;128100000;0,228694714;0,019249278;0,158806545;0,034007058;6690
Coronel Xavier Chaves;MG;3301;0,302029688;0,071493487;151290000;0,255767302;0,024270442;0,209188096;0,099971107;6770
Couto De Magalhães De Minas;MG;4204;0,289961941;0,109657469;99670000;0,085315833;0,022809395;0,173893406;0,08197832;6590
Cristais;MG;11286;0,330409357;0,096491228;170400000;0,098685975;0,024750884;0,269768563;0,120540019;6920
Cristiano Otoni;MG;5007;0,283003795;0,095466347;157770000;0,227946366;0,019750719;0,301629914;0,126558006;6950
Cristina;MG;10210;0,304701273;0,077668952;157360000;0,159434266;0,020604789;0,187064772;0,100066775;6680
Cristália;MG;5760;0,256944444;0,034722222;67370000;0,016891892;0,01493528;0,06189844;0,142383007;5830
Crisólita;MG;6047;0,290557301;0,087150653;81210000;0,077973819;0,004863961;0,043167655;0,070375437;5850
Crucilândia;MG;4757;0,339289468;0,088080723;116760000;0,149938042;0,015687053;0,287529786;0,238681493;6510
Cruzeiro Da Fortaleza;MG;3934;0,316725979;0,101423488;217810000;0,073836276;0,018999519;0,212361712;0,108465608;6960
Cruzília;MG;14591;0,311013639;0,124940032;142130000;0,1392684;0,026239067;0,305085844;0,128733398;6950
Cuparaque;MG;4680;0,335042735;0,100641026;87620000;0,089923469;0,013274336;0,10458568;0,183427192;6270
Curral De Dentro;MG;6913;0,282800521;0,084623174;80290000;0,05370844;0,012170922;0,093266305;0,132292631;5850
Curvelo;MG;74219;0,30606718;0,106428273;170580000;0,153416094;0,025012279;0,237616655;0,189405675;7130
Cássia;MG;17412;0,329083391;0,124282104;192490000;0,166666667;0,02816589;0,314703925;0,080172987;7040
Córrego Danta;MG;3391;0,358301386;0,116189914;309140000;0,087242798;0,018672199;0,228215768;0,049199763;6920
Córrego Do Bom Jesus;MG;3730;0,34691689;0,107238606;90080000;0,13137558;0,007880221;0,279747833;0,161544523;6920
Córrego Fundo;MG;5790;0,310708117;0,0791019;242880000;0,041689828;0,031829814;0,275271913;0,113723608;6780
Córrego Novo;MG;3127;0,31915574;0,098177167;116040000;0,04008016;0,011;0,106666667;0,159;6320
Cônego Marinho;MG;7101;0,257569356;0,039994367;64150000;0,043739748;0,005781106;0,044934963;0,105373801;6210
Datas;MG;5211;0,270197659;0,064095183;93290000;0,091619318;0,011544805;0,167308045;0,059373282;6160
Delfim Moreira;MG;7971;0,303976916;0,052941914;107740000;0,147338011;0,0184079;0,161038644;0,105327319;6690
Delfinópolis;MG;6830;0,32489019;0,100732064;234860000;0,175754845;0,021912073;0,23991626;0,072156315;7400
Delta;MG;8089;0,29533935;0,056990975;332140000;0,107157807;0,01916143;0,275059236;0,071391779;6390
Descoberto;MG;4768;0,333473154;0,120176174;118160000;0,142767296;0,031616624;0,223901372;0,131835355;6800
Desterro De Entre Rios;MG;7002;0,33347615;0,079120251;136610000;0,139186296;0,015853492;0,258029247;0,223998907;6390
Desterro Do Melo;MG;3015;0,317412935;0,068656716;115490000;0,108672936;0,016853933;0,248182419;0,263053536;6310
Diamantina;MG;45880;0,279664342;0,092262424;148130000;0,51328813;0,023432789;0,241605156;0,124586755;7160
Diogo De Vasconcelos;MG;3848;0,306392931;0,048856549;86440000;0,109414758;0,006636039;0,119448698;0,164624809;6010
Dionísio;MG;8739;0,302780639;0,117519167;82460000;0,024943311;0,024364027;0,139257136;0,083363191;7020
Divino;MG;19133;0,315998537;0,070506455;118220000;0,076910354;0,016987148;0,240858822;0,199461991;6050
Divino Das Laranjeiras;MG;4937;0,324488556;0,133076767;94430000;0,077403246;0,011801731;0,117033832;0,109756098;6610
Divinolândia De Minas;MG;7024;0,273917995;0,093536446;70300000;0,077962578;0,010775575;0,163762139;0,168551284;6230
Divinésia;MG;3293;0,316732463;0,086850896;120790000;0,173537872;0,031340685;0,17498549;0,148868253;6570
Divinópolis;MG;213016;0,313150186;0,102208285;241910000;0,206473181;0,03344137;0,342535792;0,152722746;7640
Divisa Alegre;MG;5884;0,279911625;0,083276683;137010000;0,052823315;0,009613917;0,082099802;0,054173661;6080
Divisa Nova;MG;5763;0,307999306;0,10602117;146860000;0,130704225;0,015702479;0,265123967;0,083305785;6700
Divisópolis;MG;8974;0,270002229;0,08168041;62930000;0,033842344;0,008861491;0,051916779;0,044885379;6090
Dom Bosco;MG;3814;0,32695333;0,051914001;132570000;0,044105854;0,015665796;0,126109661;0,170234987;6730
Dom Cavati;MG;5209;0,326550202;0,153964293;99900000;0,095825985;0,021102662;0,273764259;0,182509506;6880
Dom Joaquim;MG;4535;0,29415656;0,104740904;93770000;0,050224888;0,014102842;0,116511174;0,118463875;6220
Dom Silvério;MG;5196;0,32852194;0,141647421;148560000;0,174575278;0,028229576;0,213123948;0,163208076;7090
Dom Viçoso;MG;2994;0,324649299;0,057114228;97280000;0,070987654;0,010087862;0,191669378;0,127237227;6870
Dona Eusébia;MG;6001;0,315947342;0,108648559;113360000;0,162974684;0,021594941;0,204072189;0,17090853;7010
Dores De Campos;MG;9299;0,321539951;0,112485213;222810000;0,100334448;0,030819868;0,302712946;0,163474965;6860
Dores De Guanhães;MG;5223;0,284893739;0,037526326;202670000;0,05577957;0,010898159;0,120631342;0,160090192;6360
Dores Do Indaiá;MG;13778;0,361082886;0,165045725;152100000;0,075778894;0,025516055;0,328053326;0,092961583;7190
Dores Do Turvo;MG;4462;0,306588974;0,083594801;95850000;0,113304094;0,015488215;0,254769921;0,318967452;6290
Doresópolis;MG;1440;0,34375;0,088888889;357050000;0,113131313;0,015727392;0,214941022;0,105504587;6920
Douradoquara;MG;1841;0,365019011;0,093970668;257340000;0,02827381;0,022337662;0,239480519;0,102337662;7060
Durandé;MG;7423;0,295298397;0,059005793;127610000;0,234032847;0,013627101;0,189760571;0,228731533;6450
Elói Mendes;MG;25220;0,306026963;0,1;201450000;0,151334543;0,024395564;0,262061443;0,100236321;6850
Engenheiro Caldas;MG;10280;0,312062257;0,096692607;98340000;0,072942643;0,023930384;0,154097172;0,109318347;6440
Engenheiro Navarro;MG;7122;0,289385004;0,066554339;97940000;0,059679767;0,016284435;0,116298005;0,083593432;6550
Entre Folhas;MG;5175;0,318647343;0,108985507;92700000;0,067313523;0,008708542;0,157494905;0,23494534;6340
Entre Rios De Minas;MG;14242;0,299396152;0,093877264;121390000;0,234521576;0,029059829;0,306837607;0,163773833;6720
Ervália;MG;17946;0,317229466;0,071547977;168640000;0,1161075;0,022434544;0,25073902;0,242609797;6250
Esmeraldas;MG;60271;0,291267774;0,082361335;97000000;0,3919681;0,014192829;0,1516299;0,053190084;6710
Espera Feliz;MG;22856;0,32380994;0,084879244;173360000;0,099716255;0,032587963;0,249462278;0,190779595;6630
Espinosa;MG;31113;0,27287629;0,065246039;85790000;0,05606596;0,019513408;0,126930367;0,28831992;6270
Espírito Santo Do Dourado;MG;4429;0,327387672;0,051930458;179060000;0,216551724;0,015558397;0,280477408;0,131500426;6850
Estiva;MG;10845;0,316274781;0,053204242;227400000;0,048104956;0,01831566;0,272281132;0,142669354;6910
Estrela Dalva;MG;2470;0,334817814;0,130769231;123400000;0,149939541;0,012200081;0,196421309;0,078893859;7100
Estrela Do Indaiá;MG;3516;0,349544937;0,150739477;270150000;0,145646867;0,017255775;0,238797662;0,0690231;6760
Estrela Do Sul;MG;7446;0,327827021;0,093607306;435020000;0,02908644;0,018513854;0,187783375;0,074685139;6960
Eugenópolis;MG;10540;0,339658444;0,109392789;126690000;0,08547486;0,022174726;0,219342773;0,162436548;6750
Ewbank Da Câmara;MG;3753;0,290967226;0,097521982;97210000;0,243589744;0,020812183;0,162690355;0,045685279;6760
Extrema;MG;28599;0,316689395;0,100108395;1832180000;0,318317324;0,034569658;0,383853657;0,135788194;7320
Fama;MG;2350;0,349787234;0,123829787;164510000;0,246958637;0,021452145;0,180280528;0,051155116;7170
Faria Lemos;MG;3376;0,333827014;0,134774882;143830000;0,148181012;0,015370973;0,155187703;0,115282294;6870
Felisburgo;MG;6877;0,296931802;0,113712375;79620000;0,066601371;0,011508259;0,0993772;0,139182237;5830
Felixlândia;MG;14121;0,318178599;0,089512074;169450000;0,082127754;0,019040717;0,192976677;0,098629595;6480
Felício Dos Santos;MG;5142;0,28899261;0,05134189;86850000;0,102288022;0,015457788;0,158541419;0,153983353;6060
Fernandes Tourinho;MG;3030;0,324092409;0,098349835;98710000;0,091649695;0,014683848;0,125861552;0,142643093;6460
Ferros;MG;10837;0,309126142;0,071791086;103680000;0,03880597;0,014830307;0,147542542;0,173020249;6030
Fervedouro;MG;10349;0,301575031;0,056720456;97110000;0,118872156;0,011466011;0,181727182;0,145964146;5800
Florestal;MG;6600;0,308181818;0,114545455;144670000;0,566371681;0,025693872;0,29651003;0,149079417;7240
Formiga;MG;65128;0,327017565;0,118812185;217440000;0,149497605;0,033384137;0,336098247;0,199850519;7550
Formoso;MG;8177;0,27516204;0,056622233;193620000;0,088;0,006968641;0,052373693;0,053027003;6400
Fortaleza De Minas;MG;4098;0,335041484;0,088091752;227310000;0,053896577;0,022136011;0,265403925;0,107941579;6700
Fortuna De Minas;MG;2705;0,303512015;0,079852126;117710000;0,59683313;0,024716787;0,192928253;0,090628218;6960
Francisco Badaró;MG;10248;0,274882904;0,040105386;59890000;0,028399006;0,005496067;0,047095613;0,165355823;6220
Francisco Dumont;MG;4863;0,308451573;0,06004524;88750000;0,082666667;0,019082498;0,106399383;0,103122591;6250
Francisco Sá;MG;24912;0,274646757;0,065831728;141690000;0,071324174;0,02305793;0,111984805;0,114985755;6540
Franciscópolis;MG;5800;0,287413793;0,051896552;116540000;0,027594481;0,011737912;0,053959355;0,100911002;6030
Frei Gaspar;MG;5879;0,290865794;0,041163463;91520000;0,026900585;0,010122801;0,066047129;0,121971457;5900
Frei Inocêncio;MG;8920;0,300560538;0,088340807;100360000;0,084669899;0,015194383;0,124174788;0,114010269;6480
Frei Lagonegro;MG;3329;0,271252628;0,018323821;79300000;0,045404208;0,005431675;0,105488851;0,219839909;5430
Fronteira;MG;14041;0,325902713;0,090591838;666850000;0,074737762;0,020305781;0,219899666;0,116758242;6840
Fronteira Dos Vales;MG;4687;0,29912524;0,108384894;73720000;0,02639087;0,008644318;0,060088552;0,086654016;5920
Fruta De Leite;MG;5940;0,268013468;0,043434343;64950000;0,023241206;0,009204585;0,052622438;0,098819034;5440
Frutal;MG;53468;0,336911798;0,106194359;278840000;0,197679583;0,028012694;0,338776911;0,223432541;7300
Funilândia;MG;3855;0,306355383;0,055512322;117770000;0,423370025;0,0191173;0,177956101;0,100306821;6550
Galiléia;MG;6951;0,325133074;0,115091354;102200000;0,071238938;0,016177097;0,122037747;0,086987371;6540
Gameleiras;MG;5139;0,288966725;0,028215606;77690000;0,070707071;0,009904762;0,070857143;0,149904762;6500
Glaucilândia;MG;2962;0,288318704;0,045577313;83310000;0,103044496;0,010492846;0,031160572;0,051510334;6790
Goiabeira;MG;3053;0,344251556;0,105142483;99500000;0,077069458;0,020581114;0,132869249;0,233958838;6470
Goianá;MG;3659;0,332057939;0,142661929;147240000;0,180246914;0,031059063;0,261456212;0,07790224;7160
Gonzaga;MG;5921;0,258233407;0,056747171;74010000;0,060170046;0,008056719;0,173864003;0,22300999;6060
Gonçalves;MG;4220;0,327725118;0,037677725;129820000;0,367317426;0,028175415;0,27607362;0,158373097;6830
Gouveia;MG;11681;0,287903433;0,082869617;114240000;0,081474874;0,02123424;0,21881221;0,08584937;6810
Governador Valadares;MG;263689;0,310376997;0,109238535;202070000;0,139938663;0,025004917;0,218196771;0,195541094;7270
Grupiara;MG;1373;0,369264385;0,117989803;186530000;0,037475345;0,024700071;0,201834862;0,119971771;7310
Grão Mogol;MG;15024;0,259584665;0,032082002;175230000;0,057435897;0,011909263;0,073282924;0,084247007;6040
Guanhães;MG;31262;0,299596955;0,084447572;179900000;0,109331625;0,024604465;0,245187047;0,213780866;6860
Guapé;MG;13872;0,317401961;0,0625;164210000;0,135362253;0,023830966;0,266227918;0,1316938;6790
Guaraciaba;MG;10223;0,288760638;0,046855131;79270000;0,113143631;0,009585271;0,132011009;0,192749359;6230
Guaraciama;MG;4718;0,305214074;0,057015685;77960000;0,082638889;0,021678041;0,12806102;0,149136893;6770
Guarani;MG;8678;0,306061304;0,118230007;139870000;0,144201807;0,031115048;0,172849075;0,085815524;6770
Guaranésia;MG;18714;0,31591322;0,115849097;192960000;0,14123816;0,025929752;0,347469008;0,13481405;7010
Guarará;MG;3929;0,322982947;0,123186561;110620000;0,186761229;0,02126044;0,255631486;0,102758795;6520
Guarda-Mor;MG;6565;0,318659558;0,057121097;501030000;0,06500956;0,022858839;0,227697788;0,066795309;6900
Guaxupé;MG;49430;0,316164273;0,126603277;355090000;0,191643205;0,038362631;0,382858678;0,141724879;7510
Guidoval;MG;7206;0,321676381;0,105328893;131050000;0,134167386;0,026938329;0,188568303;0,251196499;6830
Guimarânia;MG;7265;0,311080523;0,099655884;191030000;0,045132743;0,017986067;0,267257758;0,118049398;6930
Guiricema;MG;8707;0,334558401;0,082921787;105610000;0,065568143;0,026192382;0,215944184;0,292233787;6740
Gurinhatã;MG;6137;0,362554994;0,080821248;208590000;0,068764045;0,013828724;0,172942353;0,103632123;6800
Heliodora;MG;6121;0,32053586;0,105701683;150060000;0,153924567;0,015931373;0,21752451;0,092830882;6570
Iapu;MG;10315;0,317983519;0,086960737;91470000;0,031402439;0,015480443;0,172391683;0,126408354;6540
Ibertioga;MG;5036;0,301826847;0,089356632;114650000;0,115131579;0,014360567;0,180865515;0,084222783;6570
Ibiaí;MG;7839;0,285240464;0,069013905;86970000;0,078711986;0,008854852;0,072035419;0,112959196;6140
Ibiracatu;MG;6155;0,27002437;0,067424858;64260000;0,033092659;0,011641067;0,069684721;0,131932094;5910
Ibiraci;MG;12176;0,300344941;0,075640604;458690000;0,138638228;0,019860161;0,258256471;0,05385302;7060
Ibirité;MG;158954;0,291184871;0,066572719;113750000;0,197018473;0,009162252;0,231366769;0,084224424;7040
Ibitiúra De Minas;MG;3382;0,345357776;0,104671792;146280000;0,115582192;0,015022676;0,263038549;0,121031746;6740
Ibituruna;MG;2866;0,302512212;0,110956036;125210000;0,128027682;0,020604852;0,163509472;0,047856431;6750
Ibiá;MG;23218;0,327289172;0,095658541;357990000;0,148045795;0,019041129;0,261284374;0,090595687;7180
Icaraí De Minas;MG;10746;0,23813512;0,02019356;64040000;0,083626417;0,007839127;0,042859577;0,098244717;6240
Igarapé;MG;34851;0,29781068;0,087802359;166580000;0,221697659;0,019645152;0,296085796;0,086463378;6980
Igaratinga;MG;9264;0,299330743;0,080310881;308600000;0,097367472;0,031669866;0,227927063;0,195393474;6510
Iguatama;MG;8029;0,337651015;0,10623988;433420000;0,040575433;0,025177218;0,283549254;0,069787338;7070
Ijaci;MG;5859;0,288786482;0,096603516;524230000;0,154846336;0,026849828;0,241960662;0,083671558;7140
Ilicínea;MG;11488;0,315720752;0,091834958;159040000;0,167355942;0,018960046;0,297094963;0,156481406;6800
Imbé De Minas;MG;6424;0,299346202;0,042185554;83900000;0,017160686;0,004517633;0,113086564;0,185077237;5530
Inconfidentes;MG;6908;0,326143602;0,071221772;131280000;0,110519308;0,027307482;0,282086292;0,126024031;6920
Indaiabira;MG;7330;0,26521146;0,043929059;77310000;0,029835391;0,011694352;0,061395349;0,126777409;6100
Indianópolis;MG;6190;0,315185784;0,062197092;869700000;0,066632496;0,011257591;0,196415346;0,100873945;6740
Ingaí;MG;2629;0,308862685;0,084062381;188590000;0,181034483;0,015495495;0,151711712;0,064144144;6970
Inhapim;MG;24294;0,313657693;0,085576686;116930000;0,057480315;0,022004594;0,200137025;0,196106879;6580
Inhaúma;MG;5760;0,286631944;0,078472222;152020000;0,426408237;0,020483871;0,19016129;0,079677419;7020
Inimutaba;MG;6724;0,303688281;0,088340274;115120000;0,070519099;0,014372062;0,125184688;0,139019476;6640
Ipaba;MG;16708;0,280404597;0,079063921;72870000;0,07470651;0,010205761;0,135418381;0,049163237;6650
Ipanema;MG;18170;0,330820033;0,117941662;109620000;0,084844452;0,024179972;0,224608478;0,229199612;6930
Ipatinga;MG;239468;0,304696243;0,093691015;327110000;0,167518673;0,025743857;0,339239716;0,153125048;7710
Ipiaçu;MG;4107;0,343803263;0,137083029;194330000;0,039660057;0,019172317;0,168576105;0,188683657;6960
Ipuiúna;MG;9521;0,317508665;0,092742359;166800000;0,135296064;0,031442174;0,35677445;0,093731402;6860
Iraí De Minas;MG;6467;0,31189114;0,072676666;308670000;0,043629152;0,026555058;0,293548853;0,119209121;6950
Itabira;MG;109783;0,289088475;0,095005602;301670000;0,321359927;0,0235734;0,305154413;0,114541572;7560
Itabirinha;MG;10692;0,304807333;0,103161242;87910000;0,088063823;0,01757915;0,143169494;0,24943152;6530
Itabirito;MG;45449;0,291623578;0,102554512;528840000;0,443488758;0,036219064;0,35662459;0,138057847;7300
Itacambira;MG;4988;0,258420209;0,016439455;108700000;0,070597362;0,013101254;0,016282987;0,02900992;6280
Itacarambi;MG;17720;0,245654628;0,075564334;99920000;0,062485642;0,027153253;0,075757576;0,170793961;6410
Itaguara;MG;12372;0,322744908;0,086647268;177070000;0,414224894;0,031162756;0,318418471;0,207424734;6910
Itaipé;MG;11798;0,258603153;0,04636379;69040000;0,049819731;0,007825468;0,080467947;0,124337997;5520
Itajubá;MG;90658;0,308180194;0,111716561;273970000;0,263610008;0,032955876;0,294095708;0,12337992;7870
Itamarandiba;MG;32175;0,27956488;0,058150738;104780000;0,068371317;0,021559979;0,185305554;0,189048807;6460
Itamarati De Minas;MG;4079;0,318950723;0,113753371;103880000;0,083781706;0,020046083;0,188940092;0,106221198;6880
Itambacuri;MG;22809;0,283616116;0,092463501;110190000;0,054104189;0,012747755;0,113713366;0,113289853;6340
Itambé Do Mato Dentro;MG;2283;0,303985983;0,051686378;106610000;0,239193084;0,019784173;0,123651079;0,129496403;6340
Itamogi;MG;10349;0,328920669;0,108126389;193910000;0,122502938;0,02291528;0,35770657;0,115527242;6740
Itamonte;MG;14003;0,3019353;0,076840677;473070000;0,14474929;0,023776773;0,290233838;0,14004061;7050
Itanhandu;MG;14175;0,307513228;0,106948854;264950000;0,167240193;0,030131579;0,318355263;0,116381579;7390
Itanhomi;MG;11856;0,322284076;0,107118758;89700000;0,076943209;0,018111255;0,147396507;0,217092497;6500
Itaobim;MG;21001;0,293033665;0,093471739;120710000;0,041111472;0,017669975;0,122623133;0,104350246;6290
Itapagipe;MG;13656;0,323154657;0,086115993;259740000;0,065261727;0,019509252;0,245910432;0,137771521;7230
Itapecerica;MG;21377;0,324601207;0,129391402;192630000;0,099149733;0,019517484;0,237372368;0,125011295;7130
Itapeva;MG;8664;0,316135734;0,063596491;256420000;0,192040891;0,034106412;0,345996432;0,127820338;7200
Itatiaiuçu;MG;9928;0,310032232;0,062852538;669810000;0,370045484;0,023157508;0,304723396;0,085646021;6770
Itaverava;MG;5799;0,284531816;0,053629936;95190000;0,127878788;0,013454482;0,12074087;0,157260178;6270
Itaú De Minas;MG;14945;0,319103379;0,125593844;304730000;0,08869784;0,033204102;0,342796398;0,098549275;7760
Itaúna;MG;85463;0,312111674;0,106478827;283680000;0,166716653;0,035823262;0,346222758;0,148201236;7580
Itinga;MG;14407;0,263066565;0,059068508;80060000;0,022163588;0,006488347;0,058196504;0,089049258;6000
Itueta;MG;5830;0,317324185;0,071183533;126520000;0,109189189;0,017365662;0,122870249;0,184960682;6350
Ituiutaba;MG;97171;0,333875333;0,137952681;276020000;0,14755109;0,025956034;0,271585935;0,258877291;7390
Itumirim;MG;6139;0,302980942;0,101808112;97970000;0,167204301;0,013815261;0,22746988;0,093172691;7260
Iturama;MG;34456;0,324529835;0,09519387;521750000;0,09738866;0,032124298;0,316256364;0,191590993;7470
Itutinga;MG;3913;0,335292614;0,096601073;253600000;0,131859756;0,014728288;0,270187913;0,075926866;7270
Jaboticatubas;MG;17134;0,315688106;0,083751605;103300000;0,383250139;0,018855219;0,191245791;0,134835535;6810
Jacinto;MG;12134;0,309708258;0,111422449;79960000;0,033794572;0,013307833;0,067017292;0,086062634;6200
Jacutinga;MG;22772;0,312972071;0,085411909;198600000;0,189139891;0,038850748;0,345608953;0,12413191;7150
Jacuí;MG;7502;0,333777659;0,093175153;145440000;0,133386581;0,024881365;0,335000641;0,244581249;6680
Jaguaraçu;MG;2990;0,297324415;0,081605351;196450000;0,103487064;0,012074992;0,18207817;0,098506514;6790
Jampruca;MG;5067;0,2958358;0,093941188;95880000;0,058705804;0,006309148;0,06234923;0,096492856;6090
Janaúba;MG;66803;0,275900783;0,082286724;143880000;0,099669036;0,022447004;0,147420699;0,269883135;6960
Januária;MG;65463;0,26616562;0,066984403;92840000;0,112029385;0,013344051;0,103390821;0,215404852;6580
Japaraíba;MG;3939;0,297791318;0,050774308;137760000;0,088661552;0,020116959;0,243274854;0,183859649;7210
Japonvar;MG;8298;0,278982887;0,031332851;66620000;0,074730022;0,011080332;0,096837488;0,100184672;6080
Jaíba;MG;33587;0,266650788;0,034477625;139240000;0,127177311;0,012448022;0,11117923;0,219213136;6380
Jeceaba;MG;5395;0,312511585;0,069138091;1129890000;0,212336892;0,024952381;0,244190476;0,176571429;6610
Jenipapo De Minas;MG;7116;0,246627319;0,04707701;60670000;0,026210826;0,01166907;0,063589878;0,18185394;6240
Jequeri;MG;12848;0,315068493;0,097291407;118350000;0,103013834;0,012712193;0,160375165;0,161537865;6010
Jequitaí;MG;8005;0,307682698;0,083198001;94250000;0,090946001;0,008698941;0,101991931;0,142460918;6430
Jequitibá;MG;5156;0,307214895;0,046353763;195840000;0,501893939;0,027464259;0,183220467;0,105718585;6890
Jequitinhonha;MG;24131;0,295346235;0,103228213;93860000;0,046864038;0,008835657;0,077871588;0,111682702;6150
Jesuânia;MG;4768;0,328649329;0,097315436;135560000;0,130185067;0,010410288;0,221677893;0,118187385;6580
Joanésia;MG;5425;0,308571429;0,066728111;189970000;0,029868578;0,008486284;0,118807973;0,170317742;6260
Joaquim Felício;MG;4305;0,288269454;0,080371661;93450000;0,109589041;0,017891787;0,102608321;0,052381979;6370
Joaíma;MG;14941;0,277759186;0,100461816;80010000;0,068915663;0,007308161;0,076030515;0,102827104;5870
Jordânia;MG;10324;0,293297172;0,101995351;76240000;0,042272127;0,013989876;0,040865163;0,085780028;6280
Josenópolis;MG;4566;0,26478318;0,049058257;78730000;0,043837883;0,015451174;0,031108364;0,067161104;5640
José Gonçalves De Minas;MG;4553;0,25192181;0,017131562;75630000;0,042720139;0,010782834;0,093594997;0,231830925;6320
José Raydan;MG;4376;0,297531993;0,047303473;104740000;0,029953917;0,007636739;0,106501548;0,17997936;6170
João Monlevade;MG;73610;0,30122266;0,125295476;293370000;0,326342849;0,030429836;0,349494311;0,091554994;7580
João Pinheiro;MG;45260;0,300176757;0,074436589;274740000;0,051744443;0,02869698;0,246616603;0,128342136;6970
Juatuba;MG;22202;0,307314656;0,091027835;426370000;0,38590063;0,017732444;0,27363672;0,072185171;7170
Juiz De Fora;MG;516247;0,330541388;0,13180125;259690000;0,340170299;0,034867307;0,320367167;0,073858722;7780
Juramento;MG;4113;0,292730367;0,058351568;96500000;0,09717608;0,011745739;0,049286043;0,051358821;6690
Juruaia;MG;9238;0,305369128;0,050552068;173930000;0,15349167;0,037127504;0,296336102;0,250317538;7230
Juvenília;MG;5708;0,265241766;0,07883672;85000000;0,027741083;0,010237161;0,04965023;0,066370926;5920
Ladainha;MG;16994;0,251265152;0,034070849;60870000;0,021545667;0,004206797;0,058452341;0,113583527;5410
Lagamar;MG;7600;0,350657895;0,093289474;205540000;0,03564728;0,02359882;0,249326664;0,100166731;7180
Lagoa Da Prata;MG;45984;0,305149617;0,096816284;271610000;0,171536488;0,026186063;0,324782111;0,230843554;7320
Lagoa Dos Patos;MG;4225;0,282366864;0,073609467;101000000;0,068734283;0,011267606;0,080516432;0,093661972;6340
Lagoa Dourada;MG;12256;0,26729765;0,063234334;178180000;0,156288156;0,018309101;0,22724825;0,234479575;6760
Lagoa Formosa;MG;17161;0,3273702;0,102616398;186710000;0,04752581;0,018169769;0,316452201;0,118628155;7030
Lagoa Grande;MG;8631;0,325107172;0,072760978;221000000;0,044191019;0,017504536;0,183157221;0,137154446;6790
Lagoa Santa;MG;52520;0,299828637;0,09581112;323420000;0,612180098;0,024116999;0,319936829;0,118512182;7770
Lajinha;MG;19609;0,312917538;0,079606303;157360000;0,015971317;0,017799034;0,211320383;0,204467015;6610
Lambari;MG;19554;0,328628414;0,112764652;160150000;0,179427326;0,023058778;0,326096375;0,15216868;7110
Lamim;MG;3452;0,309385863;0,074739282;103880000;0,173220974;0,012842466;0,181792237;0,231164384;6550
Laranjal;MG;6465;0,323743233;0,128228925;105170000;0,106545628;0,030178728;0,207881629;0,13448579;7140
Lassance;MG;6484;0,306138186;0,058605799;136470000;0,159697733;0,011856521;0,105508029;0,09019961;6290
Lavras;MG;92200;0,314370933;0,113633406;224280000;0,307227876;0,030570706;0,334341159;0,160550549;7820
Leandro Ferreira;MG;3205;0,317940718;0,088299532;120820000;0,092247301;0,015156108;0,24431646;0,157926644;7100
Leme Do Prado;MG;4804;0,276852623;0,03122398;93060000;0,038345865;0,016229213;0,098577439;0,181526748;6700
Leopoldina;MG;51130;0,322843732;0,134813221;184480000;0,171260677;0,02604597;0,24256366;0,091470743;7260
Liberdade;MG;5346;0,320613543;0,118967452;142100000;0,109101517;0,025;0,32462406;0,112781955;6720
Lima Duarte;MG;16149;0,333209487;0,112700477;147430000;0,264634826;0,030051568;0,230810266;0,085590659;7100
Limeira Do Oeste;MG;6890;0,331349782;0,075616836;421330000;0,066141042;0,02232383;0,263179129;0,124529317;7100
Lontra;MG;8397;0,277956413;0,081695844;65480000;0,053556127;0,012566726;0,090858541;0,088967972;6460
Luisburgo;MG;6234;0,304459416;0,038498556;113850000;0,076923077;0,01232834;0,209893883;0,243289638;6080
Luislândia;MG;6400;0,265625;0,04671875;74360000;0,074705882;0,010990643;0,057032526;0,061042626;6140
Luminárias;MG;5422;0,327001107;0,101807451;134080000;0,16356458;0,019027105;0,266199964;0,141626279;6780
Luz;MG;17486;0,333523962;0,119066682;234300000;0,09739369;0,028833052;0,32599335;0,107538017;7240
Machacalis;MG;6976;0,3125;0,125286697;101440000;0,094495413;0,017293857;0,107360266;0,114692861;6400
Machado;MG;38688;0,296681141;0,094111869;225680000;0,178254051;0,029579122;0,281529855;0,130200956;7150
Madre De Deus De Minas;MG;4904;0,311378467;0,105831974;354520000;0,153896529;0,023350846;0,250437828;0,112667834;6990
Malacacheta;MG;18776;0,287974009;0,079250107;99800000;0,033475125;0,013299953;0,11651802;0,129505033;6180
Mamonas;MG;6321;0,313557981;0,069609239;70500000;0,039858729;0,011198547;0,131658596;0,294642857;6180
Manga;MG;19813;0,258567607;0,071165396;105680000;0,072223307;0,013080948;0,08412845;0,129732225;6420
Manhuaçu;MG;79574;0,304395908;0,08022721;237310000;0,427999339;0,026215307;0,246184533;0,125719496;6890
Manhumirim;MG;21382;0,31708914;0,105181929;187370000;0,220353982;0,024026804;0,278975444;0,145571573;6970
Mantena;MG;27111;0,330382502;0,108922578;128160000;0,078932678;0,026764423;0,214435705;0,373918924;6750
Mar De Espanha;MG;11749;0,331177121;0,132436803;120310000;0,233359034;0,030094787;0,273775671;0,101263823;6840
Maravilhas;MG;7163;0,287030574;0,054446461;144200000;0,087548638;0,025217614;0,217869944;0,175499232;6720
Maria Da Fé;MG;14216;0,278629713;0,066474395;104500000;0,171926281;0,017997518;0,20390291;0,085091711;7020
Mariana;MG;54219;0,29314447;0,077592726;358600000;0,372153014;0,026136191;0,262979627;0,110931365;7420
Marilac;MG;4219;0,310974164;0,109504622;92810000;0,130335366;0,010553471;0,098030019;0,133442777;6150
Maripá De Minas;MG;2788;0,319583931;0,134146341;161800000;0,272727273;0,024283305;0,300505902;0,139966273;6800
Marliéria;MG;4012;0,311565304;0,101445663;94230000;0,0832;0,015746124;0,195494186;0,119428295;6570
Marmelópolis;MG;2968;0,305929919;0,074123989;98890000;0,181718062;0,015764222;0,175119945;0,187114462;6500
Martinho Campos;MG;12611;0,323844263;0,112362223;223700000;0,206415279;0,029231459;0,278932416;0,124327153;6690
Martins Soares;MG;7173;0,307820995;0,057437613;165770000;0,182065217;0,009785705;0,212808126;0,170568562;6350
Mata Verde;MG;7874;0,282829566;0,101600203;68910000;0,029636282;0,010491571;0,063185194;0,109277378;5810
Materlândia;MG;4595;0,279869423;0,058324266;95300000;0,024883359;0,008421507;0,096955301;0,155042108;5970
Mateus Leme;MG;27856;0,307617748;0,098147616;187080000;0,325125452;0,019426092;0,302928705;0,095256878;7040
Mathias Lobato;MG;3370;0,293768546;0,097032641;95770000;0,082828283;0,010128091;0,0974084;0,09919571;6120
Matias Barbosa;MG;13435;0,315370301;0,127130629;400310000;0,236488081;0,033196465;0,265641311;0,077319229;7200
Matias Cardoso;MG;9979;0,250926947;0,040384808;131860000;0,075479233;0,007336084;0,04264099;0,067583677;6160
Matipó;MG;17639;0,284936788;0,080049889;213460000;0,241941902;0,01349915;0,1953125;0,099542942;6310
Mato Verde;MG;12684;0,314806055;0,093818985;89920000;0,06361132;0,020045063;0,150726439;0,408826043;6620
Matozinhos;MG;33955;0,290796643;0,092328081;252910000;0,271014786;0,021841253;0,27975162;0,083936285;7310
Matutina;MG;3761;0,370646105;0,139058761;169320000;0,06241033;0,018186542;0,284489478;0,122629254;7070
Medeiros;MG;3444;0,327235772;0,074912892;387620000;0,087843833;0,013914905;0,277762911;0,118009098;7110
Medina;MG;21026;0,290877961;0,099923904;97810000;0,071288424;0,013903793;0,114636308;0,077637288;6240
Mendes Pimentel;MG;6331;0,327910283;0,080082136;87210000;0,034200385;0,014640842;0,129174928;0,182552997;6260
Mercês;MG;10368;0,318865741;0,114486883;104640000;0,073200242;0,015403062;0,220070098;0,18326877;6640
Mesquita;MG;6069;0,298401714;0,079420003;74310000;0,02484815;0,01159469;0,142833137;0,106368678;6560
Minas Novas;MG;30794;0,243099305;0,033090862;78440000;0,047956185;0,012733473;0,077996433;0,119669618;6330
Minduri;MG;3840;0,295572917;0,116145833;204510000;0,163876652;0,019914293;0,222334258;0,097302748;6580
Mirabela;MG;13042;0,287532587;0,08817666;82670000;0,058666667;0,016806723;0,139934235;0,114358787;6650
Miradouro;MG;10251;0,320651644;0,076090138;122880000;0,088834804;0,022687286;0,183535513;0,149828688;6630
Miravânia;MG;4549;0,261376127;0,020663882;66630000;0,061396131;0,006997325;0,04774645;0,092200041;5930
Miraí;MG;13808;0,299246813;0,110950174;117530000;0,157308809;0,023902505;0,208456773;0,169943442;6800
Moeda;MG;4689;0,316698656;0,068031563;112620000;0,432323232;0,01902834;0,340688259;0,150809717;6380
Moema;MG;7028;0,324843483;0,116533865;130750000;0,103810775;0,033791906;0,327100307;0,238813944;7210
Monjolos;MG;2360;0,292372881;0,073305085;139010000;0,160869565;0,015391193;0,038905515;0,047456178;6500
Monsenhor Paulo;MG;8161;0,308908222;0,085773802;236490000;0,165410551;0,019836236;0,272517587;0,086379887;7210
Montalvânia;MG;15862;0,277707729;0,084352541;80120000;0,037003405;0,021671235;0,086366244;0,13997068;6130
Monte Alegre De Minas;MG;19619;0,344869769;0,105713849;274640000;0,082027786;0,022498689;0,272748939;0,107297774;6740
Monte Azul;MG;21994;0,315995271;0,069200691;84050000;0,053956835;0,021065619;0,131740084;0,277600073;6590
Monte Belo;MG;13061;0,316361687;0,092335962;190190000;0,020329138;0,021265522;0,334820433;0,151758495;6880
Monte Carmelo;MG;45772;0,327318011;0,089945818;215410000;0,065612068;0,032892548;0,365311045;0,192448436;7280
Monte Formoso;MG;4656;0,263960481;0,037585911;64180000;0,039056143;0,005897905;0,083790929;0,131991051;5410
Monte Santo De Minas;MG;21234;0,334039748;0,127578412;199750000;0,1309742;0,030594565;0,381360569;0,141482765;7100
Monte Sião;MG;21203;0,325897279;0,07847946;174100000;0,135311143;0,057147775;0,372966692;0,213357432;7240
Montes Claros;MG;361915;0,287791332;0,082527665;219440000;0,247369331;0,027567991;0,231079018;0,22576879;7700
Montezuma;MG;7464;0,254153269;0,037915327;62700000;0,028993147;0,011349618;0,063163089;0,157414261;5870
Morada Nova De Minas;MG;8255;0,339794064;0,094730466;292220000;0,18573975;0,027232497;0,197662544;0,093725179;6960
Morro Da Garça;MG;2660;0,304135338;0,068045113;646040000;0,056860321;0,018376723;0,130551302;0,083843798;6480
Morro Do Pilar;MG;3399;0,314504266;0,117093263;90360000;0,217025257;0,01697439;0,114353782;0,14115545;5970
Munhoz;MG;6257;0,311331309;0,068243567;124080000;0,152464066;0,013849093;0,331104744;0,199458771;6470
Muriaé;MG;100765;0,325688483;0,11799732;188930000;0,154244622;0,037631121;0,252585344;0,172625005;7340
Mutum;MG;26661;0,319042797;0,0767038;124620000;0,08053139;0,016211108;0,13659494;0,216487351;6440
Muzambinho;MG;20430;0,321292217;0,112432697;218260000;0,223187081;0,033395176;0,401265401;0,177203749;7400
Mário Campos;MG;13192;0,293814433;0,071103699;104390000;0,245356037;0,012220647;0,266423604;0,070420633;6990
Nacip Raydan;MG;3154;0,291693088;0,098922004;89950000;0,033695652;0,009480122;0,060550459;0,099388379;5850
Nanuque;MG;40834;0,315643826;0,123426556;154460000;0,073628676;0,018895905;0,163605052;0,260285113;7010
Naque;MG;6341;0,290175051;0,100930453;98440000;0,0625;0,009450422;0,1437918;0,073567898;6750
Natalândia;MG;3280;0,317987805;0,071646341;141010000;0,135186961;0,025140491;0,143448684;0,13516711;6710
Natércia;MG;4658;0,337269214;0,106268785;171290000;0,148313176;0,017649502;0,267649502;0,170473422;6930
Nazareno;MG;7954;0,308146844;0,101332663;282860000;0,119543044;0,017932489;0,277191749;0,10443038;6900
Nepomuceno;MG;25733;0,304667159;0,104418451;175040000;0,144132653;0,016866219;0,306260889;0,103087816;6670
Ninheira;MG;9815;0,264085583;0,030259806;72280000;0,040123457;0,009575394;0,076893317;0,130283393;5560
Nova Belém;MG;3732;0,314844587;0,040460879;166410000;0,054468085;0,007405298;0,07946454;0,201367132;5920
Nova Era;MG;17528;0,297295755;0,10942492;172330000;0,465169833;0,02067126;0,27783952;0,08324072;7090
Nova Lima;MG;80998;0,298748117;0,101002494;821450000;0,637532027;0,042725845;0,313762092;0,104437295;8130
Nova Módica;MG;3790;0,307915567;0,093667546;108000000;0,053127678;0,017753047;0,069157393;0,148648649;6300
Nova Ponte;MG;12812;0,309007181;0,066578208;571770000;0,112654711;0,030377166;0,260754332;0,061705742;7010
Nova Porteirinha;MG;7398;0,274668829;0,052852122;152670000;0,060531496;0,013609003;0,078251767;0,187516357;6410
Nova Resende;MG;15374;0,320215949;0,06849226;168140000;0,114970546;0,021100363;0,373881499;0,299697703;6710
Nova Serrana;MG;73699;0,298470807;0,040746822;227630000;0,168568441;0,024801802;0,233624312;0,206537279;7150
Nova União;MG;5555;0,302430243;0,062646265;117090000;0,27202381;0,015883978;0,266747238;0,114640884;6620
Novo Cruzeiro;MG;30725;0,258616762;0,035866558;73530000;0,041907878;0,007819369;0,071975882;0,161223464;5710
Novo Oriente De Minas;MG;10339;0,292484766;0,067704807;68890000;0,05026455;0,007380755;0,066888089;0,095580773;5550
Novorizonte;MG;4963;0,286117268;0,047350393;85010000;0,033802817;0,012116622;0,078000757;0,192730027;6160
Olaria;MG;1976;0,339068826;0,076923077;125610000;0,18358209;0,019017433;0,209720021;0,11780243;6360
Olhos-D'Água;MG;5267;0,281564458;0,0324663;382870000;0,016183412;0,021435863;0,115345356;0,11143246;6260
Oliveira;MG;39466;0,305275427;0,11571986;186390000;0,14184927;0,025922998;0,282781092;0,146817125;6990
Oliveira Fortes;MG;2123;0,316062176;0,083372586;138480000;0,129657228;0,020623281;0,148029331;0,089367553;6350
Olímpio Noronha;MG;2533;0,315436242;0,137386498;148270000;0,172715895;0,013853445;0,188115202;0,055049216;6740
Onça De Pitangui;MG;3055;0,303764321;0,057283142;154320000;0,060344828;0,01475204;0,129315756;0,117074702;6630
Oratórios;MG;4493;0,286000445;0,081014912;100700000;0,437354086;0,012771392;0,148999574;0,161132397;6370
Orizânia;MG;7284;0,302580999;0,034596376;101600000;0,043557169;0,009884679;0,199467748;0,143454568;5620
Ouro Branco;MG;35268;0,294828173;0,062464557;770680000;0,38372764;0,041475609;0,353799124;0,110541178;7640
Ouro Fino;MG;31568;0,330809681;0,105993411;189320000;0,120750742;0,033972048;0,366987514;0,133951188;7220
Ouro Preto;MG;70281;0,289409656;0,095331597;390020000;0,439577188;0,024745817;0,288154285;0,097624939;7410
Ouro Verde De Minas;MG;6016;0,282579787;0,08693484;75530000;0,04;0,013893429;0,10771494;0,173095783;5950
Padre Carvalho;MG;5834;0,241001028;0,051079877;99940000;0,06685633;0,01096108;0,060047657;0,069579031;5990
Padre Paraíso;MG;18849;0,26473553;0,075866094;78780000;0,054709419;0,01180514;0,136232317;0,135983264;5960
Pai Pedro;MG;5934;0,276373441;0,027805865;66910000;0,015853659;0,011177709;0,052810627;0,127652681;5900
Paineiras;MG;4631;0,360829195;0,127618225;122200000;0,102932376;0,023161055;0,27278576;0,148831225;6690
Pains;MG;8014;0,329298727;0,108684802;341720000;0,097006442;0,027834189;0,270457532;0,105602676;7280
Paiva;MG;1558;0,336970475;0,151476252;126960000;0,137142857;0,023417722;0,161392405;0,083544304;7200
Palma;MG;6545;0,313827349;0,140565317;93840000;0,155793574;0,028444444;0,181925926;0,158222222;7030
Palmópolis;MG;6931;0,298802482;0,094502958;75210000;0,092708836;0,010350318;0,049044586;0,152388535;5650
Papagaios;MG;14175;0,285079365;0,065961199;145840000;0,067557535;0,027925705;0,200870243;0,191388492;6660
Paracatu;MG;84718;0,2817465;0,066408555;350940000;0,127738908;0,024911692;0,261142122;0,130358467;7440
Paraguaçu;MG;20245;0,310397629;0,117016547;233690000;0,177593889;0,030996928;0,295401657;0,144931583;7150
Paraisópolis;MG;19379;0,328964343;0,102482068;199690000;0,140705882;0,018705036;0,313141487;0,105131894;7290
Paraopeba;MG;22563;0,296015601;0,080751673;215810000;0,352148525;0,027849874;0,261813538;0,130474189;6940
Pará De Minas;MG;84215;0,302832037;0,098391023;270440000;0,14104223;0,029553436;0,305940045;0,256042797;7250
Passa Quatro;MG;15582;0,308176101;0,097291747;192420000;0,145147855;0,023335161;0,287333211;0,109364528;7150
Passa Tempo;MG;8197;0,331950714;0,120409906;192460000;0,087100331;0,019433781;0,291386756;0,110724568;6870
Passa Vinte;MG;2079;0,337662338;0,101972102;147790000;0,192307692;0,019924099;0,637096774;0,160341556;6480
Passabém;MG;1766;0,315402039;0,098527746;108650000;0,104129264;0,010907003;0,163030999;0,113088404;6420
Passos;MG;106290;0,313218553;0,11688776;202220000;0,200348432;0,029198555;0,325955345;0,196587205;7560
Patis;MG;5579;0,273525721;0,037641154;73110000;0,02948886;0,006727212;0,059199462;0,07568113;6140
Patos De Minas;MG;138710;0,329514815;0,104412083;279960000;0,177259501;0,035240498;0,3377776;0,240731102;7650
Patrocínio;MG;82471;0,308290187;0,089728511;284480000;0,088574238;0,03249639;0,367602118;0,154008037;7290
Patrocínio Do Muriaé;MG;5287;0,34007944;0,139587668;125380000;0,124026696;0,018410338;0,229598159;0,185165516;6820
Paula Cândido;MG;9271;0,289181318;0,076582893;93040000;0,13539724;0,010748243;0,158329888;0,192331542;6370
Paulistas;MG;4918;0,271248475;0,06547377;93250000;0,082458771;0,01242485;0,107815631;0,138476954;6250
Pavão;MG;8589;0,289556409;0,091978112;80150000;0,049859268;0,011348006;0,087345254;0,083333333;6270
Pedra Azul;MG;23839;0,274885692;0,108603549;85360000;0,103158859;0,010964114;0,10980297;0,09353886;6270
Pedra Bonita;MG;6673;0,266446875;0,019931065;102330000;0,122609674;0,010162315;0,19308398;0,179957657;5730
Pedra Do Anta;MG;3365;0,321842496;0,120059435;102540000;0,155124654;0,01937046;0,1812954;0,222457627;6240
Pedra Do Indaiá;MG;3875;0,342451613;0,073806452;205670000;0,071590053;0,025819265;0,236097319;0,119414101;7080
Pedra Dourada;MG;2191;0,310360566;0,088544044;132820000;0,175;0,018129378;0,161104244;0,143798929;6550
Pedralva;MG;11467;0,297200663;0,06610273;130740000;0,07629108;0,020179372;0,258020007;0,119696447;6750
Pedras De Maria Da Cruz;MG;10315;0,264275327;0,061851672;70780000;0,049156273;0,013012304;0,055324422;0,088961671;6140
Pedrinópolis;MG;3490;0,325787966;0,108882521;330730000;0,081794195;0,026495493;0,271510516;0,049713193;7290
Pedro Leopoldo;MG;58740;0,298586994;0,104596527;224840000;0,287986772;0,024051352;0,292937577;0,10551052;7570
Pedro Teixeira;MG;1785;0,328291317;0,071148459;121460000;0,209897611;0,016286645;0,22204126;0,11834962;6370
Pequeri;MG;3165;0,32985782;0,142180095;124810000;0,305555556;0,034782609;0,264767616;0,095052474;6940
Pequi;MG;4076;0,326790972;0,105986261;130330000;0,131381381;0,024261845;0,179446098;0,185626001;6740
Perdigão;MG;8912;0,307001795;0,075291741;150540000;0,090643275;0,028297452;0,259659678;0,201466579;7030
Perdizes;MG;14404;0,307067481;0,057761733;418550000;0,113949808;0,016407982;0,283560342;0,077098511;7230
Perdões;MG;20087;0,315925723;0,116642605;187660000;0,158367476;0,026611694;0,342531859;0,115254873;7440
Periquito;MG;7036;0,285815804;0,091671404;114620000;0,093485828;0,008473379;0,10860048;0,064397684;6510
Pescador;MG;4128;0,283672481;0,114341085;95190000;0,03501281;0,011854951;0,076476058;0,09716411;6560
Peçanha;MG;17260;0,283429896;0,06239861;108910000;0,091782502;0,014058474;0,142713118;0,164893021;6270
Piau;MG;2841;0,330517423;0,102076734;207970000;0,177848775;0,01713886;0,202868136;0,133613151;6290
Piedade De Caratinga;MG;7110;0,301828411;0,074542897;110070000;0,054986021;0,012546125;0,202829028;0,193480935;6120
Piedade De Ponte Nova;MG;4062;0,28385032;0,094780896;103910000;0,259323504;0,017347909;0,170389734;0,091730038;6390
Piedade Do Rio Grande;MG;4709;0,343172648;0,12953918;206670000;0,125;0,024452477;0,195194557;0,098235169;6780
Piedade Dos Gerais;MG;4640;0,335560345;0,059051724;135950000;0,193320488;0,020387566;0,237585789;0,222850222;6260
Pimenta;MG;8236;0,330500243;0,095070423;209340000;0,072373255;0,019567219;0,256790976;0,222260589;6860
Pingo D'Água;MG;4420;0,29479638;0,10520362;77550000;0,029163469;0,012831126;0,09147351;0,07615894;6190
Pintópolis;MG;7211;0,257661905;0,033837193;78160000;0,073196986;0,010313368;0,050905725;0,117281502;5940
Piracema;MG;6406;0,331408055;0,072275991;153690000;0,389543099;0,020401949;0,252436054;0,22000609;6460
Pirajuba;MG;4656;0,326245704;0,085910653;433600000;0,150757077;0,019770521;0,19929391;0,07255075;7230
Piranga;MG;17232;0,26590065;0,050835655;85300000;0,139240506;0,013134362;0,144925106;0,145036888;6000
Piranguinho;MG;8016;0,300898204;0,074850299;114290000;0,171227197;0,024085116;0,283760084;0,094469777;7170
Piranguçu;MG;5217;0,308606479;0,041019743;100200000;0,101863354;0,016014559;0,177797998;0,132848044;6850
Pirapetinga;MG;10364;0,33674257;0,108645311;425380000;0,121203438;0,023875369;0,379885693;0,277470501;7090
Pirapora;MG;53368;0,284009144;0,092002698;298470000;0,223527083;0,026082799;0,196639161;0,191946737;7310
Piraúba;MG;10862;0,320290922;0,118946787;136700000;0,124461052;0,032371506;0,199278629;0,115779982;6840
Pitangui;MG;25311;0,29939552;0,097625538;149080000;0,13908683;0,028659756;0,287470449;0,218221495;7250
Piumhi;MG;31883;0,334974751;0,121663582;255030000;0,140262172;0,030577742;0,339095202;0,187780563;7370
Planura;MG;10384;0,317604006;0,085997689;362080000;0,084596725;0,016815374;0,231640357;0,088967056;7120
Pocrane;MG;8986;0,336189628;0,111951925;97990000;0,06653426;0,011924851;0,133198335;0,221284734;6260
Pompéu;MG;29105;0,294244975;0,088678921;214020000;0,177837459;0,02659151;0,203050858;0,156714754;6890
Ponte Nova;MG;57390;0,307527444;0,114985189;247010000;0,335826392;0,030188742;0,274805609;0,148335216;7170
Ponto Chique;MG;3966;0,278618255;0,055975794;90310000;0,041628959;0,00802644;0,046978281;0,084749764;6060
Ponto Dos Volantes;MG;11345;0,270339357;0,04486558;81540000;0,03880013;0,006126842;0,062427554;0,065490975;5950
Porteirinha;MG;37627;0,292981104;0,056475403;79810000;0,025308418;0,016653757;0,142447715;0,290911438;6510
Porto Firme;MG;10417;0,27531919;0,071325718;77800000;0,2458159;0,012971909;0,111379495;0,130166398;6340
Poté;MG;15667;0,291185294;0,08776409;82130000;0,04581324;0,009593918;0,096240874;0,131418572;6240
Pouso Alegre;MG;130615;0,309635187;0,096987329;468600000;0,240511337;0,034967534;0,358738448;0,123166249;7740
Pouso Alto;MG;6213;0,319652342;0,091582166;245870000;0,151057402;0,023027375;0,262479871;0,093075684;7100
Poço Fundo;MG;15959;0,320884767;0,08170938;155860000;0,129076352;0,023989074;0,306632623;0,234902916;6910
Poços De Caldas;MG;152435;0,331347788;0,129051727;370950000;0,22851373;0,034351654;0,422764869;0,113333172;7790
Prados;MG;8391;0,308068168;0,086878799;177530000;0,400386847;0,022291574;0,23851984;0,205193937;6890
Prata;MG;25802;0,326331292;0,086970002;342440000;0,085154394;0,026522416;0,273437783;0,141657922;6950
Pratinha;MG;3265;0,347932619;0,070137825;272250000;0,281690141;0,012701101;0,280553203;0,169630257;7210
Pratápolis;MG;8807;0,348813444;0,157147723;167550000;0,138020833;0,028170595;0,349719416;0,112457912;7290
Presidente Bernardes;MG;5537;0,289506953;0,053639155;84540000;0,062383032;0,020437433;0,106489781;0,213158838;6320
Presidente Juscelino;MG;3908;0,301177073;0,052456499;117740000;0,053525913;0,012464295;0,132692807;0,08958712;6140
Presidente Kubitschek;MG;2959;0,256843528;0,074349442;84430000;0,238157895;0,013403073;0,157567833;0,11703171;5950
Presidente Olegário;MG;18577;0,340905421;0,085105238;236200000;0,027317227;0,016431204;0,208333333;0,122850123;7010
Prudente De Morais;MG;9573;0,282356628;0,094432257;126500000;0,315575287;0,017453505;0,215259895;0,062088698;6900
Quartel Geral;MG;3303;0,33848017;0,113533152;134470000;0,148479428;0,014418999;0,197625106;0,068419565;6830
Queluzito;MG;1861;0,323481999;0,066630844;141420000;0,209302326;0,012800819;0,185355863;0,145417307;6820
Raposos;MG;15342;0,285425629;0,099204797;111290000;0,228819365;0,010421775;0,23884257;0,137567435;7300
Raul Soares;MG;23818;0,324418507;0,110966496;121290000;0,132781157;0,019810508;0,17538247;0,211024978;6550
Recreio;MG;10299;0,340906884;0,164384892;83510000;0,137567645;0,021344318;0,196405168;0,082475192;6920
Reduto;MG;6569;0,297305526;0,057999696;120760000;0,223758321;0,010323858;0,162636119;0,11469382;6290
Resende Costa;MG;10913;0,320443508;0,105928709;135630000;0,269659708;0,032104121;0,308893709;0,15835141;6850
Resplendor;MG;17089;0,33430862;0,123939376;131860000;0,106423945;0,020457756;0,162531789;0,197400396;6700
Ressaquinha;MG;4711;0,305030779;0,092124814;374450000;0,157272095;0,016707921;0,245049505;0,128094059;6830
Riachinho;MG;8007;0,291994505;0,052578993;120800000;0,037639008;0,011227816;0,111433056;0,124109622;6320
Riacho Dos Machados;MG;9360;0,247115385;0,040064103;161720000;0,044530912;0,009001552;0,087428867;0,172995344;6270
Ribeirão Das Neves;MG;296317;0,287556907;0,066921574;111100000;0,215719181;0,008881496;0,210660864;0,078454239;6840
Ribeirão Vermelho;MG;3826;0,317564036;0,143491898;247690000;0,190946502;0,023750619;0,205096487;0,061355764;7370
Rio Acima;MG;9090;0,289878988;0,095489549;135710000;0,462618596;0,04737682;0,270995412;0,114203072;6730
Rio Casca;MG;14201;0,301528061;0,1109781;126020000;0,209248015;0,027067033;0,190526538;0,087615423;6500
Rio Do Prado;MG;5217;0,297680659;0,082422848;74140000;0,07211848;0,011301563;0,056696176;0,09267282;6050
Rio Doce;MG;2465;0,315618661;0,103448276;114320000;0,205655527;0,013021831;0,200306396;0,133665262;6640
Rio Espera;MG;6070;0,301482702;0,070510708;66720000;0,059016393;0,007658271;0,131041525;0,24642614;6020
Rio Manso;MG;5276;0,321834723;0,076004549;142300000;0,19434629;0,017277487;0,218150087;0,168411867;6480
Rio Novo;MG;8712;0,32231405;0,13292011;117840000;0,192307692;0,032314988;0,2630418;0,077533914;7070
Rio Paranaíba;MG;11885;0,326377787;0,073538073;481140000;0,082495489;0,024294103;0,312122919;0,160164106;7090
Rio Pardo De Minas;MG;29099;0,259665281;0,031100725;81780000;0,037188989;0,016710927;0,100524645;0,208562731;6240
Rio Piracicaba;MG;14149;0,308573044;0,106297265;248130000;0,275767293;0,018613563;0,243687128;0,071922261;6850
Rio Pomba;MG;17110;0,320514319;0,12817066;161370000;0,135667396;0,031609355;0,285595245;0,156269096;7140
Rio Preto;MG;5292;0,331632653;0,131897203;102260000;0,204558405;0,021695896;0,644006509;0,293436992;6790
Rio Vermelho;MG;13645;0,276731403;0,046903628;82560000;0,046080508;0,019226503;0,102492051;0,144864305;5580
Ritápolis;MG;4925;0,343350254;0,110253807;126340000;0,314015376;0,022007404;0,200329083;0,122583299;6530
Rochedo De Minas;MG;2116;0,332230624;0,117674858;111210000;0,196301565;0,015364355;0,21071115;0,100526778;6840
Rodeiro;MG;6867;0,297946702;0,081986311;476710000;0,184750733;0,035705079;0,231245166;0,176463006;6680
Romaria;MG;3596;0,317575083;0,098720801;457970000;0,019264448;0,02109589;0,24630137;0,076164384;7080
Rosário Da Limeira;MG;4247;0,334589122;0,07958559;111680000;0,143560873;0,016911926;0,218097957;0,25192181;6620
Rubelita;MG;7772;0,287956768;0,044390118;76270000;0,033512064;0,009802508;0,045264524;0,078996684;5820
Rubim;MG;9919;0,30970864;0,126928118;78860000;0,048828125;0,008885455;0,064033224;0,102858799;6090
Sabará;MG;126269;0,288946614;0,090425995;168700000;0,293326024;0,01174591;0,210065387;0,096053138;7310
Sabinópolis;MG;15704;0,296930718;0,081125828;112580000;0,040317392;0,016728275;0,136645574;0,175302299;6380
Sacramento;MG;23896;0,319007365;0,101146635;521190000;0,107044471;0,03187575;0,343467989;0,110926062;7320
Salinas;MG;39178;0,300576854;0,09158201;131470000;0,088824728;0,028678845;0,145611414;0,217886923;6790
Salto Da Divisa;MG;6859;0,288526024;0,110511736;128350000;0,061141991;0,007446958;0,031754953;0,032316987;6080
Santa Bárbara;MG;27876;0,287021093;0,086131439;227670000;0,278215223;0,020140623;0,281541595;0,086147983;7070
Santa Bárbara Do Leste;MG;7682;0,307472012;0,060270763;96700000;0,060965284;0,010682711;0,222617878;0,196463654;6130
Santa Bárbara Do Monte Verde;MG;2788;0,339311334;0,078909613;130340000;0,193446089;0,021193349;0,611020541;0,175741767;6060
Santa Bárbara Do Tugúrio;MG;4570;0,303063457;0,068271335;109330000;0,140794224;0,014121225;0,195524658;0,112100804;6370
Santa Cruz De Minas;MG;7865;0,320406866;0,097902098;88210000;0,096825397;0,024148899;0,203793144;0,173636471;7060
Santa Cruz De Salinas;MG;4397;0,291789857;0,035706163;83150000;0,035074045;0,015141087;0,064005506;0,144987382;5770
Santa Cruz Do Escalvado;MG;4992;0,315104167;0,055288462;91190000;0,191989828;0,010038145;0,168239309;0,156193535;6250
Santa Efigênia De Minas;MG;4600;0,288478261;0,075652174;81960000;0,048229088;0,009339705;0,107080799;0,217419635;6070
Santa Fé De Minas;MG;3968;0,29233871;0,052671371;93840000;0,088793103;0,013510133;0,038278709;0,054791093;6150
Santa Helena De Minas;MG;6055;0,248554913;0,084393064;64800000;0,089700997;0,009394082;0,058713011;0,090652889;5670
Santa Juliana;MG;11337;0,304401517;0,080444562;488480000;0,063459867;0,023775161;0,296771743;0,072085074;7060
Santa Luzia;MG;202942;0,28758463;0,079677938;151820000;0,25557288;0,012568356;0,245333395;0,096778641;7150
Santa Margarida;MG;15011;0,287855573;0,056958231;163100000;0,152742421;0,024440299;0,265422886;0,163868159;6100
Santa Maria De Itabira;MG;10552;0,272081122;0,072213798;132920000;0,059909439;0,019115238;0,18532678;0,140542509;6480
Santa Maria Do Salto;MG;5284;0,30317941;0,114307343;72360000;0,012484395;0,009467236;0,054761463;0,084276963;6130
Santa Maria Do Suaçuí;MG;14395;0,288294547;0,097255992;84340000;0,044819277;0,013975677;0,116307196;0,124168514;6400
Santa Rita De Caldas;MG;9027;0,34540822;0,103910491;184510000;0,126042335;0,021720243;0,345134666;0,176911381;6900
Santa Rita De Ibitipoca;MG;3583;0,306447111;0,089031538;154650000;0,128415301;0,011731844;0,159497207;0,091340782;6300
Santa Rita De Jacutinga;MG;4993;0,355497697;0,139395153;108650000;0,158309859;0,02314998;0,296201029;0,134546894;6820
Santa Rita De Minas;MG;6547;0,310982129;0,087215519;115620000;0,049607073;0,013949556;0,166267437;0,128223193;6130
Santa Rita Do Itueto;MG;5697;0,313849394;0,055292259;212900000;0,086689038;0,008917643;0,154397622;0,282217171;6070
Santa Rita Do Sapucaí;MG;37754;0,297637336;0,09453303;389500000;0,184568835;0,035334002;0,291386143;0,124003247;7210
Santa Rosa Da Serra;MG;3224;0,330645161;0,073511166;150860000;0,125703565;0,010068108;0,265324252;0,139472905;7050
Santa Vitória;MG;18138;0,338736355;0,112250524;353710000;0,084960938;0,032120902;0,262397541;0,162858607;7100
Santana Da Vargem;MG;7231;0,304937076;0,094177845;215090000;0,128798186;0,025899673;0,273309706;0,075517993;6980
Santana De Cataguases;MG;3622;0,335173937;0,140530094;114650000;0,095551895;0,020487552;0,167271784;0,163122407;6940
Santana De Pirapama;MG;8009;0,314646023;0,054189037;115670000;0,273015873;0,014130299;0,126547455;0,100537702;6280
Santana Do Deserto;MG;3860;0,304404145;0,057772021;93020000;0,228085106;0,01167992;0,25695825;0,080765408;6510
Santana Do Garambéu;MG;2234;0,298567592;0,097135184;117940000;0,092953523;0,011988425;0,148408433;0,092600248;6670
Santana Do Jacaré;MG;4607;0,327762101;0,14846972;148140000;0,121854305;0,015892673;0,220639835;0,055933953;6470
Santana Do Manhuaçu;MG;8582;0,297949196;0,063038919;114810000;0,160344153;0,009718612;0,167250537;0,210645271;6210
Santana Do Paraíso;MG;27265;0,28989547;0,076838438;156030000;0,085652834;0,017591214;0,141195086;0,077810871;6850
Santana Do Riacho;MG;4023;0,320159085;0,06214268;139870000;0,335403727;0,03317757;0,15864486;0,110747664;6650
Santana Dos Montes;MG;3822;0,300627943;0,077446363;91630000;0,113141862;0,014388489;0,145426516;0,14028777;6470
Santo Antônio Do Amparo;MG;17345;0,29103488;0,102450274;164620000;0,160063391;0,017278735;0,221806955;0,061748456;6720
Santo Antônio Do Aventureiro;MG;3538;0,340587903;0,117015263;116150000;0,204149378;0,015283843;0,216157205;0,176582969;6710
Santo Antônio Do Grama;MG;4085;0,303549572;0,128274174;170920000;0,29516129;0,016393443;0,182529973;0,10619036;6330
Santo Antônio Do Itambé;MG;4135;0,259975816;0,029020556;80310000;0,041860465;0,009099852;0,11682243;0,132808657;5580
Santo Antônio Do Jacinto;MG;11775;0,304883227;0,067600849;69300000;0,052367688;0,010006671;0,062541694;0,158605737;5740
Santo Antônio Do Monte;MG;25975;0,322040423;0,089778633;175120000;0,196294082;0,027238886;0,376834419;0,11446775;7240
Santo Antônio Do Retiro;MG;6955;0,258519051;0,020273185;69170000;0,043937709;0,008749146;0,071223513;0,141353383;5700
Santo Antônio Do Rio Abaixo;MG;1777;0,299943725;0,058525605;112450000;0,225140713;0,014876033;0,104132231;0,16584022;6690
Santo Hipólito;MG;3238;0,321185917;0,10407659;120570000;0,125;0,010523058;0,096874033;0,11265862;6570
Santos Dumont;MG;46284;0,317388298;0,12142425;193440000;0,182368958;0,021993272;0,221993272;0,109545837;7410
Sapucaí-Mirim;MG;6241;0,319339849;0,070982214;132290000;0,125940793;0,020747499;0,317392584;0,114479105;6800
Sardoá;MG;5594;0,268323203;0,035573829;93600000;0,072618254;0,014490394;0,166069684;0,270921524;6360
Sarzedo;MG;25814;0,28434183;0,069613388;254130000;0,323297003;0,018964499;0,291062406;0,068705296;7340
Sem-Peixe;MG;2847;0,327010889;0,102564103;104680000;0,084854995;0,015748031;0,12956335;0,14817466;6540
Senador Amaral;MG;5219;0,303314811;0,047135467;108430000;0,184459886;0,013262111;0,26745257;0,166881562;6610
Senador Cortes;MG;1988;0,317907445;0,097585513;115870000;0,287974684;0,015136719;0,225585938;0,097167969;6740
Senador Firmino;MG;7230;0,317150761;0,114107884;92520000;0,121674662;0,019104169;0,27262166;0,337291855;6440
Senador José Bento;MG;1868;0,338329764;0,067987152;159940000;0,128164557;0,015267176;0,223135643;0,053435115;6840
Senador Modestino Gonçalves;MG;4574;0,288806296;0,047879318;85850000;0,058289175;0,013045434;0,106837607;0,112010796;6200
Senhora De Oliveira;MG;5683;0,288404012;0,082526834;118700000;0,104942038;0,016649677;0,183995923;0,147638464;6310
Senhora Do Porto;MG;3497;0,296253932;0,062911067;96780000;0,044401544;0,007777778;0,126388889;0,148333333;5650
Senhora Dos Remédios;MG;10196;0,293742644;0,052863868;83440000;0,100834725;0,012636741;0,18643908;0,206054319;6260
Sericita;MG;7128;0,295314254;0,06369248;114040000;0,114014252;0,016846361;0,217385445;0,219407008;5600
Seritinga;MG;1789;0,322526551;0,115707099;177890000;0,098786828;0,029946524;0,25828877;0,070588235;6600
Serra Azul De Minas;MG;4220;0,26492891;0,04549763;72370000;0,012522361;0,008699634;0,06959707;0,130494505;5570
Serra Da Saudade;MG;815;0,355828221;0,090797546;219660000;0,251724138;0,018404908;0,304294479;0,040490798;6770
Serra Do Salitre;MG;10549;0,310550763;0,064650678;356310000;0,131868132;0,022436459;0,281770377;0,080631025;6960
Serra Dos Aimorés;MG;8412;0,318830243;0,107465525;109870000;0,035048471;0,009102287;0,091591762;0,087495733;6510
Serrania;MG;7542;0,295677539;0,112702201;154080000;0,158744395;0,017683239;0,250896976;0,079702717;6770
Serranos;MG;1995;0,319799499;0,121303258;135770000;0,094043887;0,021224087;0,239387957;0,0982231;6430
Serranópolis De Minas;MG;4425;0,291073446;0,047457627;67070000;0,019409938;0,01096815;0,062645012;0,188989665;6330
Serro;MG;20835;0,269834413;0,064458843;102440000;0,58751334;0,01759134;0,15776212;0,112593906;6560
Sete Lagoas;MG;214152;0,29519687;0,098304008;310430000;0,330275084;0,026867787;0,299362568;0,14110178;7600
Setubinha;MG;10885;0,235002297;0,023518604;60390000;0,060985145;0,005271084;0,039742303;0,068189424;5420
Silveirânia;MG;2192;0,335766423;0,109945255;108430000;0,080163043;0,019676432;0,203760385;0,158723218;6520
Silvianópolis;MG;6027;0,329683093;0,098058736;190440000;0,15551082;0,023178282;0,255754882;0,114938879;6990
Simonésia;MG;18298;0,297792108;0,050989179;89230000;0,053587814;0,013415259;0,197644649;0,229749104;6320
Simão Pereira;MG;2537;0,297989752;0,088687426;218200000;0,382275132;0,021164021;0,522297808;0,100529101;6380
Sobrália;MG;5830;0,313722127;0,109433962;85080000;0,068890104;0,010144429;0,15130674;0,136691884;6310
Soledade De Minas;MG;5676;0,324524313;0,097780127;88540000;0,07980456;0,014604529;0,183951428;0,137512307;6970
São Bento Abade;MG;4577;0,287524579;0,078435657;136990000;0,209726444;0,008818342;0,197922791;0,04526749;6720
São Brás Do Suaçuí;MG;3513;0,314261315;0,123256476;158330000;0,376811594;0,035120643;0,313941019;0,099463807;6640
São Domingos Das Dores;MG;5408;0,288831361;0,046412722;150300000;0,030729834;0,012852113;0,194542254;0,261091549;6380
São Domingos Do Prata;MG;17357;0,308751512;0,089128306;127860000;0,270572868;0,018603867;0,229653777;0,102799011;6900
São Francisco;MG;53828;0,251281861;0,058872706;84600000;0,087091527;0,014253166;0,082092584;0,165032939;6380
São Francisco De Paula;MG;6483;0,30541416;0,079747031;150820000;0,077777778;0,015889672;0,248388547;0,140308799;6600
São Francisco De Sales;MG;5776;0,353185596;0,081198061;230640000;0,045098039;0,022947641;0,241596639;0,114414997;6880
São Francisco Do Glória;MG;5178;0,312282735;0,095983005;118240000;0,117501546;0,013883457;0,191435276;0,11615174;6630
São Félix De Minas;MG;3382;0,311945594;0,078060319;104140000;0,053080569;0,011560694;0,108381503;0,193063584;6200
São Geraldo;MG;10263;0,313845854;0,100945143;133750000;0,112387457;0,016530334;0,146728016;0,118353783;6510
São Geraldo Da Piedade;MG;4389;0,28320802;0,025746184;87880000;0,080450523;0,007292402;0,073159257;0,217831099;6000
São Geraldo Do Baixio;MG;3486;0,329317269;0,090361446;102140000;0,074041812;0,011346055;0,08509541;0,092057762;6300
São Gonçalo Do Abaeté;MG;6264;0,322158365;0,07646871;306030000;0,080773043;0,021491228;0,187280702;0,063450292;6700
São Gonçalo Do Pará;MG;10398;0,320638584;0,09819196;149960000;0,087282543;0,019199865;0,267444811;0,172798782;6890
São Gonçalo Do Rio Abaixo;MG;9777;0,28198834;0,052265521;1793390000;0,54987305;0,022652813;0,251989142;0,080969765;6670
São Gonçalo Do Rio Preto;MG;3056;0,282722513;0,066099476;91610000;0,125;0,019080388;0,153581483;0,125430091;6400
São Gonçalo Do Sapucaí;MG;23906;0,29866979;0,107671714;249470000;0,21232493;0,021536281;0,27701878;0,078192055;7150
São Gotardo;MG;31819;0,314749049;0,088154876;207380000;0,167249126;0,027729786;0,354756968;0,141010136;7360
São Joaquim De Bicas;MG;25537;0,266671888;0,08160708;191500000;0,184287812;0,012839523;0,242367055;0,0652423;6620
São José Da Barra;MG;6778;0,302744172;0,078636766;769090000;0,169103314;0,016659839;0,274477673;0,085893759;7390
São José Da Lapa;MG;19799;0,285670993;0,081266731;203940000;0,332213579;0,016156161;0,321219901;0,125929533;7290
São José Da Safira;MG;4075;0,285644172;0,065521472;89580000;0,089347079;0,010491956;0,045698298;0,13383073;5830
São José Da Varginha;MG;4198;0,311338733;0,063839924;180400000;0,084927314;0,012159329;0,149475891;0,185324948;7040
São José Do Alegre;MG;3996;0,318068068;0,097847848;93360000;0,110149489;0,014953715;0,225017802;0,106574887;7170
São José Do Divino;MG;3834;0,304121022;0,094157538;99670000;0,036020583;0,018504436;0,08973384;0,171863118;6580
São José Do Goiabal;MG;5636;0,309261888;0,094925479;92080000;0,221457258;0,019281797;0,170882717;0,115160092;6660
São José Do Jacuri;MG;6553;0,284602472;0,036624447;95120000;0,079356568;0,010510511;0,113813814;0,162012012;5660
São José Do Mantimento;MG;2592;0,306712963;0,078317901;103910000;0,212578616;0,010104655;0,146878383;0,243955251;6570
São João Batista Do Glória;MG;6887;0,331494119;0,104254392;164080000;0,173893999;0,022607283;0,265601733;0,194260187;7240
São João Da Lagoa;MG;4656;0,31056701;0,045317869;87410000;0,054633472;0,009955303;0,081470947;0,0804551;6340
São João Da Mata;MG;2731;0,331746613;0,077261077;143950000;0,16004415;0,020996441;0,341992883;0,170462633;6530
São João Da Ponte;MG;25358;0,260470069;0,034703052;74220000;0,052838759;0,011244204;0,077550232;0,129520866;5690
São João Das Missões;MG;11715;0,084421682;0,019974392;54470000;0,141557128;0,007053292;0,030877743;0,099137931;5290
São João Del Rei;MG;84469;0,323574329;0,12783388;204010000;0,160727353;0,028352925;0,30434589;0,187850655;7580
São João Do Manhuaçu;MG;10245;0,29760859;0,042557345;147280000;0,141029846;0,016338128;0,231308826;0,149263008;6500
São João Do Manteninha;MG;5188;0,330377795;0,097532768;110960000;0,113185531;0,0297932;0,130739572;0,217840869;6400
São João Do Oriente;MG;7874;0,320929642;0,117856236;99610000;0,058963197;0,018846301;0,167324589;0,159302178;6480
São João Do Pacuí;MG;4060;0,281773399;0,055418719;80830000;0,063811189;0,009842069;0,062943465;0,095445182;6250
São João Do Paraíso;MG;22319;0,270397419;0,039786729;80510000;0,044241922;0,019212865;0,121074905;0,199746085;6150
São João Evangelista;MG;15553;0,293576802;0,08480679;109710000;0,109286027;0,013752334;0,201804605;0,160920971;6380
São João Nepomuceno;MG;25057;0,329847947;0,137646167;142900000;0,099455535;0,035364424;0,269488256;0,154052725;7080
São Lourenço;MG;41657;0,327964088;0,141512831;203160000;0,214536671;0,037316079;0,307370147;0,181217869;7590
São Miguel Do Anta;MG;6760;0,305325444;0,084911243;103840000;0,165697674;0,013794084;0,179749716;0,202929465;6440
São Pedro Da União;MG;5040;0,347222222;0,089285714;204560000;0,119428571;0,01881068;0,319781553;0,227548544;6740
São Pedro Do Suaçuí;MG;5570;0,297307002;0,064991023;104750000;0,062198068;0,012133285;0,11463238;0,123868164;6220
São Pedro Dos Ferros;MG;8356;0,304930589;0,124461465;136680000;0,133830455;0,014700522;0,166200948;0,091361924;6590
São Romão;MG;10276;0,236278708;0,047002725;149930000;0,086079077;0,010318069;0,066598448;0,083056195;6400
São Roque De Minas;MG;6686;0,342357164;0,088842357;271960000;0,110528615;0,029586636;0,296007928;0,194224236;6720
São Sebastião Da Bela Vista;MG;4948;0,314672595;0,074373484;477860000;0,179190751;0,022617723;0,212087505;0,086577679;6920
São Sebastião Da Vargem Alegre;MG;2798;0,333095068;0,0768406;169900000;0,082618026;0,023411371;0,210367893;0,194314381;6600
São Sebastião Do Anta;MG;5739;0,298832549;0,076319916;83730000;0,044314869;0,010857592;0,15436664;0,205192762;6070
São Sebastião Do Maranhão;MG;10647;0,274819198;0,041607965;65880000;0,037935748;0,00766755;0,073267702;0,145872775;5810
São Sebastião Do Oeste;MG;5805;0,318518519;0,052368648;435020000;0,118983234;0,02027027;0,208998771;0,123157248;6260
São Sebastião Do Paraíso;MG;64980;0,319313635;0,121468144;232370000;0,137596993;0,033297177;0,387620244;0,152127994;7220
São Sebastião Do Rio Preto;MG;1613;0,321140732;0,087414755;113910000;0,204633205;0,013827781;0,11062225;0,14707731;6320
São Sebastião Do Rio Verde;MG;2110;0,323222749;0,080094787;110750000;0,177419355;0,020544886;0,212594908;0,112103618;6760
São Thomé Das Letras;MG;6655;0,320510894;0,033358377;139850000;0,146272855;0,028987557;0,12344457;0,072963801;6670
São Tiago;MG;10561;0,314932298;0,112489348;146830000;0,142814191;0,026434909;0,296396886;0,098406663;6620
São Tomás De Aquino;MG;7093;0,319892852;0,120259411;207000000;0,156897312;0,021576763;0,315214385;0,060027663;7000
São Vicente De Minas;MG;7008;0,293093607;0,117294521;188660000;0,241966894;0,026136065;0,222878907;0,058313633;7150
Tabuleiro;MG;4079;0,332189262;0,126746752;125630000;0,143911439;0,02129792;0,242545728;0,12302681;6810
Taiobeiras;MG;30917;0,28796455;0,084160818;117990000;0,085589127;0,029068382;0,193888492;0,315642125;6700
Taparuba;MG;3137;0,348422059;0,080012751;105330000;0,063129003;0,009065333;0,139105971;0,156611441;6450
Tapira;MG;4112;0,313715953;0,058365759;1190800000;0,088372093;0,013919095;0,237929535;0,08568943;7120
Tapiraí;MG;1873;0,355045382;0,096636412;243540000;0,061654135;0,009890682;0,173347215;0,072878709;6670
Taquaraçu De Minas;MG;3794;0,306800211;0,053505535;118850000;0,25257732;0,016284234;0,169504071;0,084135208;6510
Tarumirim;MG;14293;0,316868397;0,089974113;94370000;0,062706999;0,018882072;0,144853442;0,14471711;6330
Teixeiras;MG;11355;0,321268164;0,10215764;105250000;0,387883772;0,018874312;0,25924672;0,231400762;6750
Teófilo Otoni;MG;134745;0,300389625;0,101680953;165820000;0,167160787;0,022692259;0,178266032;0,170421619;7010
Timóteo;MG;81243;0,302155263;0,102174957;298630000;0,099315627;0,021018639;0,277423375;0,140411308;7700
Tiradentes;MG;6961;0,331561557;0,074989226;181790000;0,936741768;0,053714729;0,306238675;0,189231167;7400
Tiros;MG;6906;0,363596872;0,110049233;268750000;0,068498606;0,022101874;0,335919204;0,143442623;6830
Tocantins;MG;15823;0,320419642;0,108512924;164270000;0,1234714;0,036161169;0,235646291;0,239897024;6880
Tocos Do Moji;MG;3950;0,320253165;0,048101266;134480000;0,12173913;0,015473888;0,256286267;0,163201161;6960
Toledo;MG;5764;0,318008328;0,047536433;104640000;0,07146754;0,01598321;0,259767517;0,140297062;6610
Tombos;MG;9537;0,331865366;0,144909301;111580000;0,109952607;0,025508484;0,252163164;0,184177998;7180
Três Corações;MG;72765;0,295897753;0,097533155;282210000;0,186800427;0,022491526;0,259831282;0,081734078;7440
Três Marias;MG;28318;0,310827036;0,082950773;463560000;0,131106567;0,030064401;0,26213097;0,123668941;7520
Três Pontas;MG;53860;0,298069068;0,101299666;223620000;0,149620032;0,024508166;0,29399251;0,101285184;7310
Tumiritinga;MG;6293;0,313522962;0,0969331;75420000;0,082108464;0,008948546;0,073825503;0,078448919;6260
Tupaciguara;MG;24188;0,342235819;0,141144369;255120000;0,092413626;0,027188433;0,310073865;0,154801194;7190
Turmalina;MG;18055;0,293658266;0,0627527;121460000;0,040173519;0,023862941;0,171323679;0,276922292;6820
Turvolândia;MG;4658;0,318806355;0,073207385;195180000;0,196632997;0,029029029;0,263863864;0,137137137;6960
Ubaporanga;MG;12040;0,306727575;0,066528239;90620000;0,034118603;0,014216504;0,163767771;0,154157732;6140
Ubaí;MG;11681;0,257854636;0,043403818;68990000;0,066069057;0,008021819;0,062409755;0,103641906;6090
Uberaba;MG;295988;0,327526792;0,121775207;413600000;0,375402294;0,032802609;0,377208489;0,184776761;7720
Uberlândia;MG;604013;0,324819168;0,098266097;485850000;0,32401947;0,038170925;0,369725776;0,17778405;7890
Ubá;MG;101519;0,317201706;0,101360336;220240000;0,172660083;0,031421033;0,26489045;0,241839445;7240
Umburatiba;MG;2705;0,31090573;0,07245841;109590000;0,114149822;0,01066961;0,056291391;0,102281089;6380
Unaí;MG;77565;0,313607942;0,067930123;376040000;0,202466598;0,024949669;0,279311667;0,196361806;7360
União De Minas;MG;4418;0,349026709;0,065187868;296360000;0,053177691;0,010755097;0,178131302;0,111584136;6720
Uruana De Minas;MG;3235;0,326429675;0,066460587;168670000;0,12405303;0,00839077;0,113575067;0,086904405;6640
Urucuia;MG;13604;0,225080859;0,039400176;78900000;0,00914435;0,004421146;0,054948525;0,071496242;6190
Urucânia;MG;10291;0,27966184;0,091341949;156840000;0,270326616;0,013034854;0,182582412;0,095683385;6330
Vargem Alegre;MG;6461;0,315740597;0,115307228;83660000;0,020098039;0,014473089;0,119402985;0,165535957;6310
Vargem Bonita;MG;2163;0,368932039;0,087840962;202820000;0,055137845;0,020352782;0,199457259;0,106739032;6960
Vargem Grande Do Rio Pardo;MG;4733;0,250581027;0,042045214;81740000;0,038785835;0,019357414;0,085212532;0,219716623;6340
Varginha;MG;123081;0,305221765;0,103809686;336040000;0,305640589;0,037380795;0,357546632;0,144222695;7780
Varjão De Minas;MG;6054;0,32144037;0,055170135;288960000;0,078622816;0,021437947;0,239609159;0,07073064;7110
Varzelândia;MG;19116;0,253871103;0,057438795;73980000;0,065526478;0,013747971;0,089995942;0,206574675;5940
Vazante;MG;19723;0,327688486;0,080565837;274940000;0,081231626;0,026785714;0,353040541;0,105164093;7420
Verdelândia;MG;8346;0,256290439;0,035825545;95930000;0,093501636;0,007002188;0,046061269;0,103501094;5840
Veredinha;MG;5549;0,295548748;0,069381871;105320000;0,03902439;0,014517802;0,13515382;0,20826132;6320
Vermelho Novo;MG;4689;0,310300704;0,04819791;111140000;0,073539519;0,013281569;0,191867593;0,27952595;6120
Veríssimo;MG;3483;0,333333333;0,075222509;338070000;0,059431525;0,01369509;0,122739018;0,035142119;6670
Vespasiano;MG;104527;0,285285142;0,062079654;233990000;0,285043595;0,013484358;0,221541781;0,08227533;6880
Vieiras;MG;3731;0,313052801;0,077995176;113110000;0,069349315;0,018118838;0,216893152;0,216093792;6680
Virgem Da Lapa;MG;13619;0,29025626;0,071591159;73330000;0,057171768;0,012823253;0,08726936;0,133148109;6100
Virginópolis;MG;10572;0,283200908;0,074063564;126430000;0,11255845;0,015739283;0,197481715;0,178779743;6750
Virgolândia;MG;5658;0,312124426;0,092965712;84820000;0,070215176;0,013125222;0,073607662;0,15253636;6200
Virgínia;MG;8623;0,306273919;0,059376087;136800000;0,098826202;0,01917005;0,181777176;0,136896707;6510
Visconde Do Rio Branco;MG;37942;0,319751199;0,104448896;253300000;0,189993406;0,03165973;0,242933096;0,247840835;7090
Viçosa;MG;72220;0,315162005;0,100706176;193910000;0,555160142;0,035395502;0,28492352;0,22494638;7750
Volta Grande;MG;5070;0,303747535;0,113017751;150270000;0,227272727;0,013579781;0,171067522;0,070916635;6690
Várzea Da Palma;MG;35809;0,301320897;0,071462481;152740000;0,089063948;0,017276894;0,13605232;0,149956228;6660
Wenceslau Braz;MG;2553;0,307089698;0,062279671;95260000;0,132653061;0,015672783;0,209480122;0,087920489;6780
Água Boa;MG;15195;0,274432379;0,05159592;92430000;0,043165468;0,012806389;0,082966125;0,135086753;5760
Água Comprida;MG;2025;0,351604938;0,110617284;658920000;0,101123596;0,01795245;0,234837458;0,074721009;6750
Águas Formosas;MG;18479;0,286757941;0,107202771;114700000;0,085676543;0,017455973;0,108505913;0,12399938;6450
Águas Vermelhas;MG;12722;0,273070272;0,073730546;136200000;0,04173863;0,005328202;0,06105232;0,069266632;6010
